sha,subject,entry_tool,language,sdk_exact,sdk_tag,dialect_bucket,excluded,run_lines,applicable,reason,output_mode,any_run_line_applicable,driver_argv,first_run_line
cc71d34ab52f556fe58e85143b38a6432b3c3af2,[MooreToCore] Fix out-of-bounds and aggregate moore.extract lowering (#10993),circt-opt,mlir,True,firtool-1.156.0,MooreToCore,,2,False,pipeline_not_hw_terminal,,False,circt-opt /artefacts/probe/input.mlir --convert-moore-to-core,circt-opt %s --convert-moore-to-core --verify-diagnostics | FileCheck %s
56f16468bccf61bfee69569439d1bea0aba3ae39,[OM] Fix OM evaluator assert w/ non-constant msg,circt-opt,mlir,True,firtool-1.156.0,OM,,1,False,pipeline_not_hw_terminal,,False,circt-opt '-om-elaborate-object=all-public-classes=true allow-unevaluated=true' /artefacts/probe/input.mlir -allow-unregistered-dialect,circt-opt -om-elaborate-object='all-public-classes=true allow-unevaluated=true' %s -verify-diagnostics -split-input-file -allow-unregistered-dialect
4ac632ae7dd8bb9dcefe3db3092af577f4fbabda,[OM] Fix crash in assert w/ block arg message,circt-opt,mlir,True,firtool-1.156.0,OM,,1,False,pipeline_not_hw_terminal,,False,circt-opt '-om-elaborate-object=all-public-classes=true allow-unevaluated=true' /artefacts/probe/input.mlir,circt-opt -om-elaborate-object='all-public-classes=true allow-unevaluated=true' %s -verify-diagnostics -split-input-file
08f97b29f1c7b9d690e0ee7d41002c6523f4d164,[ImportVerilog] Re-apply array handling fixes without unpacked array reversal (#10926),circt-verilog,sv,True,firtool-1.155.0,ImportVerilog,,3,False,entry_tool_not_hw_capable,,False,circt-verilog --ir-moore /artefacts/probe/input.sv,circt-verilog --ir-moore %s | FileCheck %s
e2e5cca7355c1ffe3fae98284004331ee7cc437f,[MooreToCore] Lower moore.null and handle comparisons to LLVM ptr ops (#10863),circt-opt,mlir,True,firtool-1.154.0,MooreToCore,,1,False,pipeline_not_hw_terminal,,False,circt-opt /artefacts/probe/input.mlir --convert-moore-to-core,circt-opt %s --convert-moore-to-core --verify-diagnostics | FileCheck %s
42d11d06acf738486f31a6455a8e884945bb63d3,[FIRRTL][InferDomain] Fix null pointer dereference (#10886),circt-opt,mlir,True,firtool-1.154.0,FIRRTL,,1,False,pipeline_not_hw_terminal,,False,circt-opt '-pass-pipeline=builtin.module(firrtl.circuit(firrtl-infer-domains{mode=check}))' /artefacts/probe/input.mlir,circt-opt -pass-pipeline='builtin.module(firrtl.circuit(firrtl-infer-domains{mode=check}))' %s --verify-diagnostics
e7e3249173a23fa65818bf822e973091367a1f41,[ImportVerilog] Allow `assert`s inside functions,circt-translate,sv,True,firtool-1.154.0,Moore,,2,False,entry_tool_not_hw_capable,,False,circt-translate --import-verilog /artefacts/probe/input.sv,circt-translate --import-verilog %s | FileCheck %s
a5f07baa45f032264a0436e8c571c37022e24f57,[ImportVerilog] Fix operand domain for real logical operators (#10842),circt-translate,sv,True,firtool-1.151.0,ImportVerilog,,2,False,entry_tool_not_hw_capable,,False,circt-translate --import-verilog /artefacts/probe/input.sv,circt-translate --import-verilog %s | FileCheck %s
f1fe5740b35c12fcf16cb2a2bfcd9201548b2296,[ExportVerilog] Fix precedence of equality operators (#10833),circt-opt,mlir,True,firtool-1.151.0,ExportVerilog,,1,False,pipeline_not_hw_terminal,,False,circt-opt /artefacts/probe/input.mlir -test-apply-lowering-options=options=emitBindComments -export-verilog,circt-opt %s -test-apply-lowering-options='options=emitBindComments' -export-verilog -verify-diagnostics | FileCheck %s --strict-whitespace
dc54091c7728f7c08a6cc437e321f1ba16757962,[MooreToCore] Legalize sim.queue as a target type to fix hierarchical queue refs (#10821),circt-opt,mlir,True,firtool-1.151.0,MooreToCore,,1,False,pipeline_not_hw_terminal,,False,circt-opt /artefacts/probe/input.mlir --convert-moore-to-core,circt-opt %s --convert-moore-to-core --verify-diagnostics | FileCheck %s
a01b37c93c58a8db47cbdeea2b4535f8dda21cbd,[Moore] Fix VariableOp::getDefaultValue for non-integer types (#10827),circt-opt,mlir,True,firtool-1.151.0,Moore,,1,False,pipeline_not_hw_terminal,,False,circt-opt --mem2reg /artefacts/probe/input.mlir,circt-opt --mem2reg --verify-diagnostics %s | FileCheck %s
3483195718eb5675a435ef9b080afcb54668df04,[ImportVerilog] Fix corrupted constant string materialization (#10776),circt-translate,sv,True,firtool-1.151.0,ImportVerilog,,2,False,entry_tool_not_hw_capable,,False,circt-translate --import-verilog /artefacts/probe/input.sv,circt-translate --import-verilog %s | FileCheck %s
bb4d4f99f6eaf774cf1429b2a4471905a02ca5e5,[MooreToCore] Fix bool cast lowering for packed aggregates (#10777),circt-opt,mlir,True,firtool-1.151.0,MooreToCore,,1,False,pipeline_not_hw_terminal,,False,circt-opt /artefacts/probe/input.mlir --convert-moore-to-core,circt-opt %s --convert-moore-to-core --verify-diagnostics | FileCheck %s
a14ce3078b4c083e0db4e14a69d1cbf1b2532611,[ImportVerilog] Fix return type mismatch for functions returning string (#10775),circt-translate,sv,True,firtool-1.151.0,ImportVerilog,,2,False,entry_tool_not_hw_capable,,False,circt-translate --import-verilog /artefacts/probe/input.sv,circt-translate --import-verilog %s | FileCheck %s
acbc74635c948e5eb6c3b6912aedaef106845762,[MooreToCore][Transforms] Fix always_comb lowering for string-typed signals (#10769),circt-opt,mlir,True,firtool-1.151.0,MooreToCore,,2,False,pipeline_not_hw_terminal,,False,circt-opt /artefacts/probe/input.mlir --convert-moore-to-core,circt-opt %s --convert-moore-to-core --verify-diagnostics | FileCheck %s
0da0bde468335998c3325e369398c2de330079e7,[Comb] Fix O(NM) extract-of-concat resolution (#10733),other,mlir,True,firtool-1.151.0,Comb,no_run_line,0,False,no_run_line,,False,,
0fbfd5858034b3c4e21a0b592de65aa47636e0ea,[FIRRTL][Inliner] Fix n^2/crash when cloning anno to multiple tops. (#10721),circt-opt,mlir,True,firtool-1.151.0,FIRRTL,,1,False,pipeline_not_hw_terminal,,False,circt-opt '--pass-pipeline=builtin.module(firrtl.circuit(firrtl-inliner))' -allow-unregistered-dialect /artefacts/probe/input.mlir,circt-opt --pass-pipeline='builtin.module(firrtl.circuit(firrtl-inliner))' -allow-unregistered-dialect %s | FileCheck %s
23abfba6006b9581a537632ab31f162f0213d3dd,[DCToHW] Fix invalid ESI connections from Unpack(pack()) (#10649),circt-opt,mlir,True,firtool-1.150.0,DC,,2,True,,--lower-dc-to-hw,True,circt-opt --lower-dc-to-hw /artefacts/probe/input.mlir,circt-opt --lower-dc-to-hw %s | FileCheck %s
2aaa416d740d75af1344bf91912348971bbb084b,[FIRRTL] Fix when flattening with layerblocks domination issue (#10650),circt-opt,mlir,True,firtool-1.150.0,FIRRTL,,1,False,pipeline_not_hw_terminal,,False,circt-opt '--pass-pipeline=builtin.module(firrtl.circuit(any(firrtl-expand-whens)))' /artefacts/probe/input.mlir,circt-opt --pass-pipeline='builtin.module(firrtl.circuit(any(firrtl-expand-whens)))' %s | FileCheck %s
3f65acfd617bc2255c58bcb29b0097be81036f4f,[FIRRTLToHW] Fix firrtl enum lowering (#10648),circt-opt,mlir,True,firtool-1.150.0,FIRRTLToHW,,1,False,pipeline_not_hw_terminal,,False,circt-opt '-pass-pipeline=builtin.module(lower-firrtl-to-hw)' /artefacts/probe/input.mlir,"circt-opt -pass-pipeline=""builtin.module(lower-firrtl-to-hw)"" -verify-diagnostics %s --split-input-file | FileCheck %s"
97129392af7ad6078ab4e8c136b5e8d3fab4def2,[ImportVerilog] Fix bit-vector builtins rejecting packed non-integer types (#10615),circt-translate,sv,True,firtool-1.150.0,ImportVerilog,,2,False,entry_tool_not_hw_capable,,False,circt-translate --import-verilog /artefacts/probe/input.sv,circt-translate --import-verilog %s | FileCheck %s
ce945f02fde104d2e67d14abefff94dcf2ac04ac,[CombToSynth] Assertion failure in CompressorTree construction for comb.mul lowering (#10598),circt-opt,mlir,True,firtool-1.149.0,Datapath,,3,False,pipeline_not_hw_terminal,,False,"circt-opt /artefacts/probe/input.mlir '--pass-pipeline=builtin.module(hw.module(convert-comb-to-synth{additional-legal-ops=comb.xor,comb.or,comb.and,comb.mux},cse))'","circt-opt %s --pass-pipeline=""builtin.module(hw.module(convert-comb-to-synth{additional-legal-ops=comb.xor,comb.or,comb.and,comb.mux},cse))"" | FileCheck %s"
6a3a01e415231148984ea1cdefd69c943550b55b,[FIRRTL] InferDomains: Fix domain casting for constants,circt-opt,mlir,True,firtool-1.149.0,FIRRTL,,1,False,pipeline_not_hw_terminal,,False,circt-opt '-pass-pipeline=builtin.module(firrtl.circuit(firrtl-infer-domains{mode=infer-all}))' /artefacts/probe/input.mlir,circt-opt -pass-pipeline='builtin.module(firrtl.circuit(firrtl-infer-domains{mode=infer-all}))' %s | FileCheck %s
b645b96686fa7ced1ca2c7f7b3d24cb0a5340139,[LLHD] Fix incorrect mux generation in remove-control-flow (#10566),circt-opt,mlir,True,firtool-1.149.0,LLHD,,1,False,pipeline_not_hw_terminal,,False,circt-opt --llhd-remove-control-flow /artefacts/probe/input.mlir,circt-opt --llhd-remove-control-flow %s | FileCheck %s
38227a822425b5767f2406cd098ed2a0e2fc3c31,[Synth] Fix NPN input permutation mapping (#10543),other,mlir,True,firtool-1.149.0,TruthTable.cpp,,10,False,entry_tool_not_hw_capable,,False,other /artefacts/probe/input.mlir -o /artefacts/probe/input.mlir1.mlir,circt-synth %s -o %t1.mlir
4ed926c3c177e106c5f89483fc40bc33d18dd831,[OM] Fix IntegerShlOp evaluation to allow arbitrary bitwidth (#10533),circt-opt,mlir,True,firtool-1.148.0,OM,,4,False,pipeline_not_hw_terminal,,False,circt-opt --cse --canonicalize /artefacts/probe/input.mlir,circt-opt --cse --canonicalize %s | FileCheck %s
20309db8b2070331c2f028b348c09dc13ee5a462,"[FIRRTL] Fix mux fold bug, 1 const, 2 SSA values (#10529)",circt-opt,mlir,True,firtool-1.148.0,FIRRTL,,1,False,pipeline_not_hw_terminal,,False,circt-opt '-canonicalize=top-down=true region-simplify=aggressive' /artefacts/probe/input.mlir,circt-opt -canonicalize='top-down=true region-simplify=aggressive' %s | FileCheck %s
793d63912b430df1db99ab1a9a14d2df517c86f7,[ImportVerilog] Fix unpacked string array initialization with concatenation (#10511),circt-translate,sv,True,firtool-1.148.0,ImportVerilog,,2,False,entry_tool_not_hw_capable,,False,circt-translate --import-verilog /artefacts/probe/input.sv,circt-translate --import-verilog %s | FileCheck %s
be870d5d5d54f3463b341b6adda295dd19de9f8d,"Revert ""[ImportVerilog] Fix several bugs in the handling of arrays (#10444)"" (#10478)",circt-translate,sv,True,firtool-1.147.0,ImportVerilog,,2,False,entry_tool_not_hw_capable,,False,circt-translate --import-verilog /artefacts/probe/input.sv,circt-translate --import-verilog %s | FileCheck %s
3daad646aa920859204345e9527013f2413dd306,[ImportVerilog] Fix several bugs in the handling of arrays (#10444),circt-verilog,sv,True,firtool-1.147.0,ImportVerilog,,3,False,entry_tool_not_hw_capable,,False,circt-verilog --ir-moore /artefacts/probe/input.sv,circt-verilog --ir-moore %s | FileCheck %s
2cdbf0d17111489769d292ef95064ebbb27fa962,[LLHD] Run Mem2Reg per slot to fix cubic scaling (#10321),other,mlir,True,firtool-1.146.0,LLHD,,9,False,entry_tool_not_hw_capable,,False,other /artefacts/probe/input.mlir/mem2reg-scaling.py 10 '>' /artefacts/probe/input.mlir.1.mlir /artefacts/probe/input.mlir,%python %S/mem2reg-scaling.py   10 > %t.1.mlir
bcc1685cdd2043432b55c60f5eeffe5379255767,[LLHD] Run Mem2Reg per slot to fix cubic scaling (#10263),other,mlir,True,firtool-1.145.0,LLHD,,9,False,entry_tool_not_hw_capable,,False,other /artefacts/probe/input.mlir/mem2reg-scaling.py 10 '>' /artefacts/probe/input.mlir.1.mlir /artefacts/probe/input.mlir,%python %S/mem2reg-scaling.py   10 > %t.1.mlir
681992b3a872f25713b2778bc9f570fd973ac5e8,[SeqToSV] Fix illegal IR in clock-typed register (#10260),circt-opt,mlir,True,firtool-1.145.0,SeqToSV,,3,False,pipeline_not_hw_terminal,,False,circt-opt /artefacts/probe/input.mlir --lower-seq-to-sv,"circt-opt %s -verify-diagnostics --lower-seq-to-sv | FileCheck %s --check-prefixes=CHECK,COMMON,RANDOM"
6a2571d0a6c4778613e8353d997b19aa4f8df1e5,[Synth][FunctionalReduction] Fix a SSA cycle (#10137),circt-opt,mlir,True,firtool-1.145.0,Synth,,1,False,pipeline_not_hw_terminal,,False,circt-opt /artefacts/probe/input.mlir --synth-functional-reduction=test-transformation,circt-opt %s --synth-functional-reduction=test-transformation | FileCheck %s
02bb5593a1fc97cb1beba37764de896678a126e5,Replace array constants with map by block to fix constant defined outside of IsolatedAbove region (#10210),circt-opt,mlir,True,firtool-1.145.0,Synth,,1,False,pipeline_not_hw_terminal,,False,circt-opt /artefacts/probe/input.mlir --synth-lower-word-to-bits,circt-opt %s --synth-lower-word-to-bits | FileCheck %s
1ccf9cf310cbc3b0d9a6a8e4bf49766e05b999b6,[OM] Add property assert operation,circt-opt,mlir,True,firtool-1.145.0,OM,,1,False,pipeline_not_hw_terminal,,False,circt-opt /artefacts/probe/input.mlir --mlir-print-local-scope --mlir-print-debuginfo,circt-opt %s -verify-diagnostics --mlir-print-local-scope --mlir-print-debuginfo | circt-opt --mlir-print-local-scope --mlir-print-debuginfo -verify-diagnostics | FileCheck %s
a4a4f74118eb8821f5522010f4caa53fb29bd98c,[FIRRTL] InferDomains: Fix wire updating,circt-opt,mlir,True,firtool-1.143.0,FIRRTL,,1,False,pipeline_not_hw_terminal,,False,circt-opt '-pass-pipeline=builtin.module(firrtl.circuit(firrtl-infer-domains{mode=infer-all}))' /artefacts/probe/input.mlir,circt-opt -pass-pipeline='builtin.module(firrtl.circuit(firrtl-infer-domains{mode=infer-all}))' %s | FileCheck %s
2867b37b5415f91bcff4e48da96ec4865b6eda77,[FIRRTL] Fix mask repeat order in FlattenMemory (#10106),circt-opt,mlir,True,firtool-1.143.0,FIRRTL,,2,False,pipeline_not_hw_terminal,,False,circt-opt '-pass-pipeline=builtin.module(firrtl.circuit(firrtl.module(firrtl-flatten-memory)))' /artefacts/probe/input.mlir,circt-opt -pass-pipeline='builtin.module(firrtl.circuit(firrtl.module(firrtl-flatten-memory)))' %s | FileCheck  %s
4df5007fbcf22e2ccc099948098ab48f552f8e92,[FIRRTL] Fix LowerClasses Objects not InstanceLike (#10081),circt-opt,mlir,True,firtool-1.143.0,FIRRTL,,1,False,pipeline_not_hw_terminal,,False,circt-opt -firrtl-lower-classes /artefacts/probe/input.mlir,circt-opt -firrtl-lower-classes %s | FileCheck %s
738d5e09880f8d2635c10eaa3ceaa95f730dd7e5,"[Synth][ResourceUsage] Fix misuse of InstanceGraphNode::getModule, report truth table total count (#10078)",circt-opt,mlir,True,firtool-1.143.0,Synth,,3,False,pipeline_not_hw_terminal,,False,"circt-opt '--synth-print-resource-usage-analysis=output-file=""-""' /artefacts/probe/input.mlir","circt-opt --synth-print-resource-usage-analysis='output-file=""-""' %s | FileCheck %s"
b15ee99dbe58d6aa36f5ef2d9b937f3d7c1ac36b,[ImportVerilog] Fix signal captures in timing controls (#10067),circt-translate,sv,True,firtool-1.143.0,ImportVerilog,,2,False,entry_tool_not_hw_capable,,False,circt-translate --import-verilog /artefacts/probe/input.sv,circt-translate --import-verilog %s | FileCheck %s
838a8bb2910695c4b8b42eb0a20406c5fb6cf532,[NFC][CoreToFSM] Fix typo in error message (#10063),circt-opt,mlir,True,firtool-1.143.0,CoreToFSM,,1,False,pipeline_not_hw_terminal,,False,circt-opt -convert-core-to-fsm /artefacts/probe/input.mlir,circt-opt -convert-core-to-fsm -verify-diagnostics -split-input-file %s
c9b4ed95782c997cf2c90d5d97f4a66a8183b892,[FIRParser] Fix a failure when the number of operands are missing on format string (#10044),circt-translate,fir,True,firtool-1.143.0,FIRRTL,,1,False,entry_tool_not_hw_capable,,False,circt-translate -import-firrtl /artefacts/probe/input.fir,circt-translate -import-firrtl -verify-diagnostics --split-input-file %s
c14279dcbf73029dc470ae45d90e951fe2067c23,[circt-reduce] Fix module-port-pruner crash on ports with uses (#10040),other,mlir,True,firtool-1.143.0,FIRRTL,,1,False,entry_tool_not_hw_capable,,False,other /artefacts/probe/input.mlir --test /usr/bin/env --test-arg true --keep-best=0 --include module-port-pruner,circt-reduce %s --test /usr/bin/env --test-arg true --keep-best=0 --include module-port-pruner | FileCheck %s
60a9ebf591009ae6461ca3143dc0e1a6ba402170,[FIRRTL] Fix use-before-def in InferDomains (#10029),circt-opt,mlir,True,firtool-1.143.0,FIRRTL,,2,False,pipeline_not_hw_terminal,,False,circt-opt '-pass-pipeline=builtin.module(firrtl.circuit(firrtl-infer-domains{mode=infer-all}))' /artefacts/probe/input.mlir,circt-opt -pass-pipeline='builtin.module(firrtl.circuit(firrtl-infer-domains{mode=infer-all}))' %s | FileCheck %s
c80cfb9e29676b7ed5ea3d5e88ac7bfa7559a614,[FIRRTL][LOA] Fix bug dropping inner symbol within mapped type. (#10026),circt-opt,mlir,True,firtool-1.143.0,FIRRTL,,1,False,pipeline_not_hw_terminal,,False,circt-opt '--pass-pipeline=builtin.module(firrtl.circuit(firrtl-lower-open-aggs))' /artefacts/probe/input.mlir,"circt-opt --pass-pipeline=""builtin.module(firrtl.circuit(firrtl-lower-open-aggs))"" %s --split-input-file | FileCheck %s --implicit-check-not=openvector --implicit-check-not=openbundle --implicit-check-not=opensub"
88d9a5ad7a3a115c9a0d11b6e27467d6bb6c48fb,[InstanceGraph] Relax assertion failure condition (#10005),circt-opt,mlir,True,firtool-1.143.0,InstanceGraph.cpp,,1,False,pipeline_not_hw_terminal,,False,circt-opt --sv-trace-iverilog /artefacts/probe/input.mlir,circt-opt --sv-trace-iverilog %s -verify-diagnostics
b59eca8f1e7b280e2e3a84fadaf767bd30e64855,[HW] Fix crash on self-referential hw.wire canonicalize,circt-opt,mlir,True,firtool-1.143.0,HW,,1,False,pipeline_not_hw_terminal,,False,circt-opt '-canonicalize=top-down=true region-simplify=aggressive' /artefacts/probe/input.mlir,circt-opt -canonicalize='top-down=true region-simplify=aggressive' %s | FileCheck %s
72acea92c1d1b24a20074942662545854bb940d5,[Moore] Fix crash on self-referential AssignedVariableOp canonicalize,circt-opt,mlir,True,firtool-1.143.0,Moore,,1,False,pipeline_not_hw_terminal,,False,circt-opt --canonicalize /artefacts/probe/input.mlir,circt-opt --canonicalize %s | FileCheck %s
1625085798f39deca636471785987a853981cd4d,[ImportVerilog] Fix crash on instance with unconvertible port values,circt-translate,sv,True,firtool-1.143.0,ImportVerilog,,1,False,entry_tool_not_hw_capable,,False,circt-translate --import-verilog /artefacts/probe/input.sv,circt-translate --import-verilog --verify-diagnostics --split-input-file %s
9445def950482e9ed2d257217c7a89fb8c6d3dae,[ImportVerilog] Fix crash on array new with unsupported size expr,circt-translate,sv,True,firtool-1.143.0,ImportVerilog,,1,False,entry_tool_not_hw_capable,,False,circt-translate --import-verilog /artefacts/probe/input.sv,circt-translate --import-verilog --verify-diagnostics --split-input-file %s
b190784994203deb63d4c7dceff710161030a47e,[MooreToCore] Fix queue pop conversions bypassing rewriter,circt-opt,mlir,True,firtool-1.143.0,MooreToCore,,1,False,pipeline_not_hw_terminal,,False,circt-opt /artefacts/probe/input.mlir --convert-moore-to-core,circt-opt %s --convert-moore-to-core --verify-diagnostics | FileCheck %s
c3e2100d37ca7db24bb505a72035d811efe72584,[MooreToCore] Fix crash on class new with unsupported member types (#10001),circt-opt,mlir,True,firtool-1.143.0,MooreToCore,,1,False,pipeline_not_hw_terminal,,False,circt-opt /artefacts/probe/input.mlir --convert-moore-to-core,circt-opt %s --convert-moore-to-core --split-input-file --verify-diagnostics
b3b407b37bb255aee5cfd559dc32988b88c6e43d,[MooreToCore] Fix crash on dynamic array variable conversion (#9996),circt-opt,mlir,True,firtool-1.143.0,MooreToCore,,1,False,pipeline_not_hw_terminal,,False,circt-opt /artefacts/probe/input.mlir --convert-moore-to-core,circt-opt %s --convert-moore-to-core --split-input-file --verify-diagnostics
3ef31bc4848a6fe81a682e176ef1c8f859478454,[ImportVerilog] Fix crash on continuous assign with rise/fall delay (#9994),circt-translate,sv,True,firtool-1.143.0,ImportVerilog,,1,False,entry_tool_not_hw_capable,,False,circt-translate --import-verilog /artefacts/probe/input.sv,circt-translate --import-verilog --verify-diagnostics --split-input-file %s
d636fb5d3f01106948d850f7e8d822ce406e7a0a,[ImportVerilog] Fix crash on repeat loop with real count (#9992),circt-translate,sv,True,firtool-1.143.0,ImportVerilog,,2,False,entry_tool_not_hw_capable,,False,circt-translate --import-verilog /artefacts/probe/input.sv,circt-translate --import-verilog %s | FileCheck %s
564e07083c52f37b1e9aa4e13b734c5fd3699b1a,[Sim] Fix null dereference in StringConcatOp::fold (#9990),circt-opt,mlir,True,firtool-1.143.0,Sim,,1,False,pipeline_not_hw_terminal,,False,circt-opt /artefacts/probe/input.mlir --canonicalize,circt-opt %s --canonicalize | FileCheck --strict-whitespace %s
246aa011e7b96f71216ae05ad596468b0c9d1f9c,[ImportVerilog] Fix crash on enum traversal methods (#9988),circt-translate,sv,True,firtool-1.143.0,ImportVerilog,,1,False,entry_tool_not_hw_capable,,False,circt-translate --import-verilog /artefacts/probe/input.sv,circt-translate --import-verilog --verify-diagnostics --split-input-file %s
337c72727242ce4b646eb6e7613aa1e2e6f31f33,[ExportVerilog] Fix missing error propagation (#9976),circt-opt,mlir,True,firtool-1.143.0,ExportVerilog,,6,False,pipeline_not_hw_terminal,,False,circt-opt -export-verilog /artefacts/probe/input.mlir,not circt-opt -export-verilog %s
a069e06e7cb908cbfb7e9344448e63acfc7f4019,[ImportVerilog] Fix moore.conversion legalization failure on interface ports (#9927),circt-translate,sv,True,firtool-1.143.0,ImportVerilog,,2,False,entry_tool_not_hw_capable,,False,circt-translate --import-verilog /artefacts/probe/input.sv,circt-translate --import-verilog %s | FileCheck %s
1dfc471304be0af21f37ab428efc11bb97829375,[ImportVerilog] Fix a fork-join stmt bug (#9951),circt-translate,sv,True,firtool-1.143.0,ImportVerilog,,2,False,entry_tool_not_hw_capable,,False,circt-translate --import-verilog /artefacts/probe/input.sv,circt-translate --import-verilog %s | FileCheck %s
e915a39ed63dc80872ef69babd6a37662b4ef78a,[CoreToFSM] Fix concat-in-mux losing possible state values (#9952),circt-opt,mlir,True,firtool-1.143.0,CoreToFSM,,1,False,pipeline_not_hw_terminal,,False,circt-opt -convert-core-to-fsm /artefacts/probe/input.mlir,circt-opt -convert-core-to-fsm %s | FileCheck %s
b6dea0f9d436da460eb6ae7e8d2bc67011f605b2,[CoreToFSM] Fix guard-constant folding replacing fsm.update variable operand (#9950),circt-opt,mlir,True,firtool-1.143.0,CoreToFSM,,1,False,pipeline_not_hw_terminal,,False,circt-opt -convert-core-to-fsm /artefacts/probe/input.mlir,circt-opt -convert-core-to-fsm %s | FileCheck %s
d0cb91fbd7cc5d9e80f95b069df93a70e29d0bbf,[ImportVerilog] Fix a segmentation fault (#9894),circt-translate,sv,False,,Moore,,2,False,entry_tool_not_hw_capable,,False,circt-translate --import-verilog /artefacts/probe/input.sv,circt-translate --import-verilog %s | FileCheck %s
10ca02433451b093130b0af82c6aefd879011de8,[CoreToFSM] Fix infinite loop in GuardConditionFoldPattern on constants (#9905),circt-opt,mlir,False,,CoreToFSM,,1,False,pipeline_not_hw_terminal,,False,circt-opt -convert-core-to-fsm /artefacts/probe/input.mlir,circt-opt -convert-core-to-fsm %s | FileCheck %s
a0ce24f531570c7b4ca59403940f217c515e890c,[CoreToFSM] Fix crash on regs without resets (#9899),circt-opt,mlir,False,,CoreToFSM,,2,False,pipeline_not_hw_terminal,,False,circt-opt -convert-core-to-fsm /artefacts/probe/input.mlir,circt-opt -convert-core-to-fsm %s | FileCheck %s
01c8443a464ce672bd4cdf5962e538989ded3e9f,[ImportVerilog] Support for `disable iff` in a clocked assertion (#9875),circt-translate,sv,False,,ImportVerilog,,2,False,entry_tool_not_hw_capable,,False,circt-translate --import-verilog /artefacts/probe/input.sv,circt-translate --import-verilog %s | FileCheck %s
fb5d04cc5ab8bef5a96a3721cbda354a59c9d048,[FSMToSMT] fix initial state management (#9893),circt-opt,mlir,True,firtool-1.142.0,FSMToSMT,,1,False,pipeline_not_hw_terminal,,False,circt-opt -convert-fsm-to-smt /artefacts/probe/input.mlir,circt-opt -convert-fsm-to-smt %s | FileCheck %s
33c4c09aebddf296dcb79886b4aaf95f6c01ce4a,[Seq][RegOfVecToMem] Fix invalid address type for single element memories (#9827),circt-opt,mlir,True,firtool-1.142.0,Seq,,1,False,pipeline_not_hw_terminal,,False,circt-opt /artefacts/probe/input.mlir --seq-reg-of-vec-to-mem,circt-opt %s --seq-reg-of-vec-to-mem | FileCheck %s
a3e42c4e87c491dcc002a75d6e94eaa0b5512634,[ImportVerilog] Fix crash when using `$` in queue range selection (#9779),circt-translate,sv,True,firtool-1.142.0,ImportVerilog,,2,False,entry_tool_not_hw_capable,,False,circt-translate --import-verilog /artefacts/probe/input.sv,circt-translate --import-verilog %s | FileCheck %s
f6d9f05b820fa946321cae6fb73a29f1b97821af,[SOPBalancing] Fix non-determinism from duplicated value numbering (#9836),circt-opt,mlir,True,firtool-1.142.0,Synth,,1,False,pipeline_not_hw_terminal,,False,circt-opt '--pass-pipeline=builtin.module(hw.module(synth-sop-balancing{max-cut-input-size=6}))' /artefacts/probe/input.mlir,circt-opt --pass-pipeline='builtin.module(hw.module(synth-sop-balancing{max-cut-input-size=6}))' %s | FileCheck %s
ca876e0b68d23b0e9f99bef63550cf5d6c3e8352,[FIRRTL][Inliner] Fix NLA updates during flattening (#9810),circt-opt,mlir,True,firtool-1.142.0,FIRRTL,,1,False,pipeline_not_hw_terminal,,False,circt-opt '--pass-pipeline=builtin.module(firrtl.circuit(firrtl-inliner))' -allow-unregistered-dialect /artefacts/probe/input.mlir,circt-opt --pass-pipeline='builtin.module(firrtl.circuit(firrtl-inliner))' -allow-unregistered-dialect %s | FileCheck %s
016f7c0a1e228af443b5dbc7036a03e34ec0600a,[HWToBTOR2][NFC] Fix typo in multi-clock error (#9819),circt-opt,mlir,True,firtool-1.142.0,HWToBTOR2,,1,False,pipeline_not_hw_terminal,,False,circt-opt /artefacts/probe/input.mlir --convert-hw-to-btor2 -o /dev/null,circt-opt %s --convert-hw-to-btor2 --verify-diagnostics --split-input-file -o /dev/null
115a3111e2cef1467f957269cfa4300af06c4014,[RTG][Elaboration] Fix getUniformInRange (#9806),circt-opt,mlir,True,firtool-1.141.0,RTG,,1,False,pipeline_not_hw_terminal,,False,circt-opt --rtg-elaborate=seed=0 --mlir-print-debuginfo --mlir-print-local-scope /artefacts/probe/input.mlir,circt-opt --rtg-elaborate=seed=0 --split-input-file --verify-diagnostics --mlir-print-debuginfo --mlir-print-local-scope %s | FileCheck %s
11cc66244cebb2577997c2f42a477e836e1c700f,[Datapath] Bug Fix for Sign-Extension Logic when Lowering Partial Products to Booth Arrays (#9726) (#9744),circt-opt,mlir,True,firtool-1.141.0,DatapathToComb,,4,False,pipeline_not_hw_terminal,,False,circt-opt /artefacts/probe/input.mlir '--pass-pipeline=builtin.module(hw.module(convert-datapath-to-comb))',"circt-opt %s --pass-pipeline=""builtin.module(hw.module(convert-datapath-to-comb))"" | FileCheck %s"
a0ddbccf04f51d2076beb7e75b7a9124b01c7b44,[FIRRTL] Fix domain info updates in cloneWithInsertedPorts (#9758),circt-opt,mlir,True,firtool-1.141.0,FIRRTL,,1,False,pipeline_not_hw_terminal,,False,circt-opt '--pass-pipeline=builtin.module(firrtl.circuit(firrtl-lower-open-aggs))' /artefacts/probe/input.mlir,"circt-opt --pass-pipeline=""builtin.module(firrtl.circuit(firrtl-lower-open-aggs))"" %s --split-input-file | FileCheck %s --implicit-check-not=openvector --implicit-check-not=openbundle --implicit-check-not=opensub"
c1ef24514cea6e59361394377bf28d3d52fee660,[Comb] Fix SextMatcher crash on block arguments,circt-opt,mlir,True,firtool-1.141.0,Comb,,1,False,pipeline_not_hw_terminal,,False,circt-opt /artefacts/probe/input.mlir '-canonicalize=top-down=true region-simplify=disabled' --allow-unregistered-dialect,circt-opt %s -canonicalize='top-down=true region-simplify=disabled' --allow-unregistered-dialect | FileCheck %s
0e9f82038b32830fd5af0db76beaf8a1ad57718f,[FIRRTL][LowerLayers] Fix instance input port capture,circt-opt,mlir,True,firtool-1.141.0,FIRRTL,,1,False,pipeline_not_hw_terminal,,False,circt-opt -firrtl-lower-layers /artefacts/probe/input.mlir,circt-opt -firrtl-lower-layers -split-input-file %s | FileCheck %s
73e28e09a3b5ba17ab4eba999d5bbff7031b11ee,[CalyxToHW] Fix missing i1-to-clock conversion in convertPipelineOp (#9715),circt-opt,mlir,True,firtool-1.141.0,CalyxToHW,,1,True,,--lower-calyx-to-hw,True,circt-opt -lower-calyx-to-hw /artefacts/probe/input.mlir,circt-opt --split-input-file -lower-calyx-to-hw %s | FileCheck %s
b2ab3aff00ca81a69d4594ca03bc9100db372512,[FIRRTL] Dedup: fix non-deduplicatable public module handling (#9702),circt-opt,mlir,True,firtool-1.141.0,FIRRTL,,1,False,pipeline_not_hw_terminal,,False,circt-opt --firrtl-dedup /artefacts/probe/input.mlir,circt-opt --firrtl-dedup %s | FileCheck %s
10fbfc9b17ac4f44683e1ce8b10564d2c260cb0c,[FIRRTL][Reduce] Fix module-port-pruner crash with probe ports (#9694),other,mlir,True,firtool-1.141.0,FIRRTL,,1,False,entry_tool_not_hw_capable,,False,other /artefacts/probe/input.mlir --test /usr/bin/env --test-arg true --keep-best=0 --include module-port-pruner,circt-reduce %s --test /usr/bin/env --test-arg true --keep-best=0 --include module-port-pruner | FileCheck %s
3b30c823b82916627d62f59d4e6e8e520f8b530d,[HandshakeToHW] Fix crashes when multiple `sync`s with different numbers of `none` inputs are used (#9587),circt-opt,mlir,True,firtool-1.141.0,HandshakeToHW,,9,True,,--lower-handshake-to-hw,True,circt-opt -lower-handshake-to-hw /artefacts/probe/input.mlir,circt-opt -lower-handshake-to-hw --split-input-file %s | FileCheck %s
f9b8bd46511da71e47e2a11437fa49b55a2a7b29,[HW] Fix ArrayCreateOp verifier to support typealiases and add optional result type syntax (#9639),circt-opt,mlir,True,firtool-1.141.0,HW,,1,False,pipeline_not_hw_terminal,,False,circt-opt /artefacts/probe/input.mlir,circt-opt %s | circt-opt | FileCheck %s
ef82ef1b1e33a8ec4d9a74a134e4ecfb4d8256a6,[FIRRTL] Fix canonicalizer infinite loop with const types (#9595),circt-opt,mlir,True,firtool-1.140.0,FIRRTL,,1,False,pipeline_not_hw_terminal,,False,circt-opt '-canonicalize=top-down=true region-simplify=aggressive' /artefacts/probe/input.mlir,circt-opt -canonicalize='top-down=true region-simplify=aggressive' %s | FileCheck %s
db9b1154c4146971ff88c2e3d758d95a9768628c,[circt-reduce] Fix firrtl-remove-unused-ports crash with probes,circt-opt,mlir,True,firtool-1.140.0,FIRRTL,,1,False,pipeline_not_hw_terminal,,False,circt-opt '-pass-pipeline=builtin.module(firrtl.circuit(firrtl-remove-unused-ports))' /artefacts/probe/input.mlir,circt-opt -pass-pipeline='builtin.module(firrtl.circuit(firrtl-remove-unused-ports))' %s -split-input-file | FileCheck %s
010d18b95ff2307ebd14933cb76dfc70eacdf39e,[circt-reduce] Fix extmodule-instance-remover crash with strings,other,mlir,True,firtool-1.140.0,FIRRTL,,1,False,entry_tool_not_hw_capable,,False,other /artefacts/probe/input.mlir --test /usr/bin/env --test-arg true --keep-best=0 --include extmodule-instance-remover,circt-reduce %s --test /usr/bin/env --test-arg true --keep-best=0 --include extmodule-instance-remover | FileCheck %s
0de87ef355e6cf86dd4c171480fe0629e6fe4df4,[circt-reduce] Fix instance-stubber: ref/property,other,mlir,True,firtool-1.140.0,FIRRTL,,1,False,entry_tool_not_hw_capable,,False,other /artefacts/probe/input.mlir --test /usr/bin/true --include instance-stubber,circt-reduce %s --test /usr/bin/true --include instance-stubber | FileCheck %s
b7d165dedca7b549424674bec3fd231dd93d5f46,[circt-reduce] Fix module-name-sanitizer crash with objects (#9584),other,mlir,True,firtool-1.140.0,FIRRTL,,1,False,entry_tool_not_hw_capable,,False,other /artefacts/probe/input.mlir --include=module-internal-name-sanitizer --include=module-name-sanitizer --test /usr/bin/env --test-arg true --keep-best=0,circt-reduce %s --include=module-internal-name-sanitizer --include=module-name-sanitizer --test /usr/bin/env --test-arg true --keep-best=0 | FileCheck %s
d3c93988fd681f771a59520938be417eb31a9ad2,[circt-reduce] Fix connect-forwarder crash with layerblocks (#9581),other,mlir,True,firtool-1.140.0,FIRRTL,,1,False,entry_tool_not_hw_capable,,False,other /artefacts/probe/input.mlir --test /usr/bin/env --test-arg true --keep-best=0 --include connect-forwarder,circt-reduce %s --test /usr/bin/env --test-arg true --keep-best=0 --include connect-forwarder | FileCheck %s
e36f5695723e46a6d8463a521452dcda8aff2c4b,[FIRRTL] Fix canonicalizer crash on non-IntType inputs to cast patterns (#9550),circt-opt,mlir,True,firtool-1.140.0,FIRRTL,,1,False,pipeline_not_hw_terminal,,False,circt-opt '-canonicalize=top-down=true region-simplify=aggressive' /artefacts/probe/input.mlir,circt-opt -canonicalize='top-down=true region-simplify=aggressive' %s | FileCheck %s
db50d3131cec54ad9fc19f8de2910e616caa704d,[LLHD] Fix mem2reg to capture all live values across wait ops (#9552),circt-opt,mlir,True,firtool-1.140.0,LLHD,,1,False,pipeline_not_hw_terminal,,False,circt-opt --llhd-mem2reg /artefacts/probe/input.mlir,circt-opt --llhd-mem2reg %s | FileCheck %s
89778e1bebd3751b1b0f729c320cfa09a13f7d7d,[ImportVerilog] Fix silent failure on unsupported system calls (#9556),circt-translate,sv,True,firtool-1.140.0,ImportVerilog,,1,False,entry_tool_not_hw_capable,,False,circt-translate --import-verilog /artefacts/probe/input.sv,circt-translate --import-verilog --verify-diagnostics --split-input-file %s
2fdae8fcfef599681d18d6521a4f568f32f3006e,[ArcRuntime][VCDTrace] Fix final time step on empty trace buffer (#9554),arcilator,mlir,True,firtool-1.140.0,Arc,unsupported_shape,1,False,entry_tool_not_hw_capable,,False,arcilator /artefacts/probe/input.mlir --run --jit-entry=main --jit-vcd-file=/artefacts/probe/input.mlir '&&' cat /artefacts/probe/input.mlir,arcilator %s --run --jit-entry=main --jit-vcd-file=%t && cat %t | FileCheck %s --match-full-lines --check-prefix VCD
3086bac387d1d631c00db726bd7f4ad3b123859a,[ImportVerilog] Swap assertion calls to to_builtin_int (#9543),circt-translate,sv,False,,ImportVerilog,,3,False,entry_tool_not_hw_capable,,False,circt-translate --import-verilog /artefacts/probe/input.sv,circt-translate --import-verilog %s | FileCheck %s
b476431e74ec362343f27ebf8957db91764ffdfd,[Synth][LongestPathAnalysis] Fix an incorrect instanch path (#9536),circt-opt,mlir,False,,Synth,,1,False,pipeline_not_hw_terminal,,False,circt-opt /artefacts/probe/input.mlir '--pass-pipeline=builtin.module(synth-print-longest-path-analysis{test=true})',circt-opt %s --split-input-file --pass-pipeline='builtin.module(synth-print-longest-path-analysis{test=true})' --verify-diagnostics
4c4a16553aa3bfffcc32f550cc4b4047d6fc93e7,[ImportVerilog] Fix class method prototype resolution (#9508),circt-translate,sv,False,,ImportVerilog,,2,False,entry_tool_not_hw_capable,,False,circt-translate --import-verilog /artefacts/probe/input.sv,circt-translate --import-verilog %s | FileCheck %s
142c02c65dcac7fe05d71af36399c85766d13ec8,[FIRRTL] Fix LowerDomains for multi-use wires,circt-opt,mlir,False,,FIRRTL,,1,False,pipeline_not_hw_terminal,,False,circt-opt '--pass-pipeline=builtin.module(firrtl.circuit(firrtl-lower-domains))' /artefacts/probe/input.mlir,circt-opt --pass-pipeline='builtin.module(firrtl.circuit(firrtl-lower-domains))' --split-input-file %s | FileCheck --implicit-check-not firrtl.domain --implicit-check-not unrealized_conversion_cast %s
380a44a69243306be724036806f6cae00aa21a51,[FIRRTL][InferResets] Fix reset domain inference for multiple top-level modules (#9464),circt-opt,mlir,False,,FIRRTL,,2,False,pipeline_not_hw_terminal,,False,circt-opt '--pass-pipeline=builtin.module(firrtl.circuit(firrtl-infer-resets))' /artefacts/probe/input.mlir,circt-opt --pass-pipeline='builtin.module(firrtl.circuit(firrtl-infer-resets))' --verify-diagnostics --split-input-file %s
242b4a2959dca2918e850db64c41689e6eea320a,[LLHD] Fix multiply-driven signals being hoisted incorrectly (#9421),circt-opt,mlir,True,firtool-1.139.0,LLHD,,1,False,pipeline_not_hw_terminal,,False,circt-opt --llhd-hoist-signals /artefacts/probe/input.mlir,circt-opt --llhd-hoist-signals %s | FileCheck %s
9fe788f13100fe6f56bed446ad4fc960530e1ba1,Fix isSeqMem() check to allow externalization of memories with read-/write-latency >= 1 (#9419),circt-opt,mlir,True,firtool-1.139.0,FIRRTL,,1,False,pipeline_not_hw_terminal,,False,circt-opt -firrtl-lower-memory /artefacts/probe/input.mlir,circt-opt -firrtl-lower-memory %s | FileCheck %s
b79ae60f6c433bf6b1f04622738f06666b909330,[FIRRTL] Fix LowerSignatures to work with Domains,circt-opt,mlir,True,firtool-1.139.0,FIRRTL,,2,False,pipeline_not_hw_terminal,,False,circt-opt '-pass-pipeline=builtin.module(firrtl.circuit(firrtl-lower-signatures))' /artefacts/probe/input.mlir,circt-opt -pass-pipeline='builtin.module(firrtl.circuit(firrtl-lower-signatures))' %s | FileCheck --check-prefixes=CHECK %s
db06bf66d7f649fff294f180394b3b0d8d289fc5,[FIRRTL] Fix LowerTypes so it works with Domains,circt-opt,mlir,True,firtool-1.139.0,FIRRTL,,3,False,pipeline_not_hw_terminal,,False,circt-opt '-pass-pipeline=builtin.module(firrtl.circuit(firrtl-lower-types))' --allow-unregistered-dialect /artefacts/probe/input.mlir,"circt-opt -pass-pipeline='builtin.module(firrtl.circuit(firrtl-lower-types))' --allow-unregistered-dialect %s | FileCheck --check-prefixes=CHECK,LT,COMMON %s"
a0f3eb4086bc63736af219ec99697b4b89d6e598,[LLHD] Fix HoistSignals with non-uniform drive delays (#9349),circt-opt,mlir,True,firtool-1.139.0,LLHD,,1,False,pipeline_not_hw_terminal,,False,circt-opt --llhd-hoist-signals /artefacts/probe/input.mlir,circt-opt --llhd-hoist-signals %s | FileCheck %s
394cc2beb238407238b084b6102510a03e710112,[ESI][Runtime] Fix integration test,other,mlir,True,firtool-1.139.0,ESI,,15,False,entry_tool_not_hw_capable,,False,other -rf /artefacts/probe/input.mlir6 '&&' mkdir /artefacts/probe/input.mlir6 '&&' cd /artefacts/probe/input.mlir6 /artefacts/probe/input.mlir,rm -rf %t6 && mkdir %t6 && cd %t6
ad277c6bdbffe8269f88ddb653e1e13bab60f2f1,[FIRRTL] Fix Dedup issue caused by name shadowing (#9336),circt-opt,mlir,True,firtool-1.139.0,FIRRTL,,1,False,pipeline_not_hw_terminal,,False,circt-opt --firrtl-dedup /artefacts/probe/input.mlir,circt-opt --firrtl-dedup %s | FileCheck %s
bf970671340c099008188c24f3ba8b2aada6c7e7,[ExportVerilog] Fix union emission error,circt-opt,mlir,True,firtool-1.138.0,ExportVerilog,,1,False,pipeline_not_hw_terminal,,False,"circt-opt /artefacts/probe/input.mlir --test-apply-lowering-options=options=emittedLineLength=100,emitBindComments -export-verilog -o /artefacts/probe/input.mlir.mlir","circt-opt %s --test-apply-lowering-options='options=emittedLineLength=100,emitBindComments' -export-verilog -verify-diagnostics -o %t.mlir | FileCheck %s"
3777d1550908e4c1ce3c26053e187b7df5ce0cd5,[HW] Fix array_create and struct_create folding with non-integer attributes.,circt-opt,mlir,True,firtool-1.138.0,HW,,1,False,pipeline_not_hw_terminal,,False,circt-opt '-canonicalize=top-down=true region-simplify=aggressive' /artefacts/probe/input.mlir,circt-opt -canonicalize='top-down=true region-simplify=aggressive' %s | FileCheck %s
dc45595e7e8031f78c91978bd31b9b90c88420f3,[Synth] Fix crash in AndInverterOp folding with non-integer operands,circt-opt,mlir,True,firtool-1.138.0,Synth,,1,False,pipeline_not_hw_terminal,,False,circt-opt /artefacts/probe/input.mlir --canonicalize,circt-opt %s --canonicalize | FileCheck %s
f5f5a6567ca532594df43f7d365c22879fecfbaa,[CombFolds] Fix crash in folding with non-integer attribute operands (#9273),circt-opt,mlir,True,firtool-1.138.0,Comb,,1,False,pipeline_not_hw_terminal,,False,circt-opt /artefacts/probe/input.mlir '-canonicalize=top-down=true region-simplify=disabled' --allow-unregistered-dialect,circt-opt %s -canonicalize='top-down=true region-simplify=disabled' --allow-unregistered-dialect | FileCheck %s
fa7eb12bf52d4433bf372801a598ade775a9e16c,[SwitchToIf] support multi-result scf.index_switch + add regression test (#9245),circt-opt,mlir,True,firtool-1.138.0,IndexSwitchToIf.cpp,,1,False,pipeline_not_hw_terminal,,False,circt-opt --switch-to-if /artefacts/probe/input.mlir,circt-opt -split-input-file --switch-to-if %s | FileCheck %s
61b1c871234e947958e70e1e6e48944d48dbcd21,[MooreToCore] Fix lowering of dynamic extracts of nested arrays (#9257),circt-opt,mlir,True,firtool-1.138.0,MooreToCore,,1,False,pipeline_not_hw_terminal,,False,circt-opt /artefacts/probe/input.mlir --convert-moore-to-core,circt-opt %s --convert-moore-to-core --verify-diagnostics | FileCheck %s
351189822e33cd4d1c1c0a780d9ede002feaf00b,[ESI] Window lowered type fix (#9243),circt-opt,mlir,True,firtool-1.138.0,ESI,,2,False,pipeline_not_hw_terminal,,False,circt-opt /artefacts/probe/input.mlir --verify-roundtrip,circt-opt %s --verify-roundtrip | FileCheck %s
76fc7146b8e93d743dbb38eb608a5810f7e60926,[ESI][Runtime] Fix a test and some source broken by 25f3ac8,other,mlir,True,firtool-1.138.0,ESI,no_run_line,0,False,no_run_line,,False,,
91872b228b74931e77419e7b6c36a4bbf8cc0431,Fix inout port lowering for sv.verbatim.module (#9209),circt-opt,mlir,True,firtool-1.137.0,SV,,1,True,,--lower-firrtl-to-hw,True,circt-opt -lower-firrtl-to-hw /artefacts/probe/input.mlir,circt-opt -lower-firrtl-to-hw %s -verify-diagnostics | FileCheck %s
7cf1c5cf263b85ef517533f86c0a33d401606948,[ImportVerilog] Fix LValue generation for ClassPropertySymbol,circt-translate,sv,False,,ImportVerilog,,2,False,entry_tool_not_hw_capable,,False,circt-translate --import-verilog /artefacts/probe/input.sv,circt-translate --import-verilog %s | FileCheck %s
baefacd3881f120f6fd4a4d37f4ef57e5763448f,[RTG][Elaboration] Fix incorrect set equality (#9175),circt-opt,mlir,False,,RTG,,1,False,pipeline_not_hw_terminal,,False,circt-opt --rtg-elaborate=seed=0 /artefacts/probe/input.mlir,circt-opt --rtg-elaborate=seed=0 --split-input-file --verify-diagnostics %s | FileCheck %s
6bfecf76581df8a9c5290f2c7e4a5c5d469511d0,[ImportVerilog] Fix capture callback chaining,circt-translate,sv,True,firtool-1.135.0,ImportVerilog,,2,False,entry_tool_not_hw_capable,,False,circt-translate --import-verilog /artefacts/probe/input.sv,circt-translate --import-verilog %s | FileCheck %s
9dfde5ef309fd967888d3b99f16cb49c82806c35,[Comb] Fix another recursive mux canonicalizer (#9144),circt-opt,mlir,True,firtool-1.135.0,Comb,,1,False,pipeline_not_hw_terminal,,False,circt-opt /artefacts/probe/input.mlir '-canonicalize=top-down=true region-simplify=disabled' --allow-unregistered-dialect,circt-opt %s -canonicalize='top-down=true region-simplify=disabled' --allow-unregistered-dialect | FileCheck %s
a509cfea3101f86240d35fbd50b96a97d3f20500,[Synth][LowerVariadic] Fix a dialect dependency (#9118),circt-opt,mlir,True,firtool-1.134.0,Synth,,2,False,pipeline_not_hw_terminal,,False,circt-opt /artefacts/probe/input.mlir --synth-lower-variadic,"circt-opt %s --synth-lower-variadic --split-input-file | FileCheck %s --check-prefixes=COMMON,TIMING"
0fca2bd7f5350f7048f9484cf17406a50ec72899,[ImportVerilog] Fix dynamic part-select index typing and add test,circt-translate,sv,True,firtool-1.134.0,ImportVerilog,,2,False,entry_tool_not_hw_capable,,False,circt-translate --import-verilog /artefacts/probe/input.sv,circt-translate --import-verilog %s | FileCheck %s
52e3074ff26ba47b9fad10e27d1bc6c72af4914c,[FIRRTL] Fix dedup looking up wrong op in inner ref target check (#9104),circt-opt,mlir,True,firtool-1.134.0,FIRRTL,,1,False,pipeline_not_hw_terminal,,False,circt-opt --allow-unregistered-dialect '-pass-pipeline=builtin.module(firrtl.circuit(firrtl-dedup))' /artefacts/probe/input.mlir,circt-opt --allow-unregistered-dialect -verify-diagnostics -split-input-file -pass-pipeline='builtin.module(firrtl.circuit(firrtl-dedup))' %s
bdbbd4ba30322d0d1879507a3416c96e4fd98251,"[Synth][LowerVariaidc] Fix UAF, topological ordering and a pass phase ordering (#9095)",circt-opt,mlir,True,firtool-1.134.0,Synth,,2,False,pipeline_not_hw_terminal,,False,circt-opt /artefacts/probe/input.mlir --synth-lower-variadic,"circt-opt %s --synth-lower-variadic | FileCheck %s --check-prefixes=COMMON,TIMING"
1bb65bd284155a2210a3b94d9ecd5f48cdcee6f4,[Synth] Fix an incorrect canonicalization,circt-opt,mlir,True,firtool-1.132.0,Synth,,1,False,pipeline_not_hw_terminal,,False,circt-opt /artefacts/probe/input.mlir --canonicalize,circt-opt %s --canonicalize | FileCheck %s
1286a6c3eca4daa544caa532f916db3aa45e081e,[Comb] Fix mux canonicalizers for non-signless-ints (#9071),circt-opt,mlir,True,firtool-1.132.0,Comb,,1,False,pipeline_not_hw_terminal,,False,circt-opt /artefacts/probe/input.mlir '-canonicalize=top-down=true region-simplify=disabled' --allow-unregistered-dialect,circt-opt %s -canonicalize='top-down=true region-simplify=disabled' --allow-unregistered-dialect | FileCheck %s
ffd1d5eb87e4a9f57f58562e3b07d1461137d240,[ImportVerilog] Fix single argument expressions in severity tasks (#8998),circt-translate,sv,True,firtool-1.132.0,ImportVerilog,,2,False,entry_tool_not_hw_capable,,False,circt-translate --import-verilog /artefacts/probe/input.sv,circt-translate --import-verilog %s | FileCheck %s
09f0bbe083a36fdd8cc7a0234931cfab7bb96c58,[Moore] Fix missing RValue conversion for struct_create (#8988),circt-translate,sv,True,firtool-1.129.0,ImportVerilog,,2,False,entry_tool_not_hw_capable,,False,circt-translate --import-verilog /artefacts/probe/input.sv,circt-translate --import-verilog %s | FileCheck %s
978f392c2b69043d46441920d23834908f511bfb,[ImportVerilog] Fix edge case for single-bit pre- and post-increment (#8945),circt-translate,sv,True,firtool-1.129.0,ImportVerilog,,2,False,entry_tool_not_hw_capable,,False,circt-translate --import-verilog /artefacts/probe/input.sv,circt-translate --import-verilog %s | FileCheck %s
14511d96a67687d39b0bb698fed9cbe92d20ff11,[ExportVerilog] Fix crash for variadic ops with a single operand (#8894),circt-opt,mlir,False,,ExportVerilog,,2,False,pipeline_not_hw_terminal,,False,circt-opt /artefacts/probe/input.mlir '--pass-pipeline=builtin.module(any(prepare-for-emission))',circt-opt %s --pass-pipeline='builtin.module(any(prepare-for-emission))' --split-input-file -verify-diagnostics | FileCheck %s
a197d6e076c132b03b42a03f62c43bb66d905f2f,[circt-synth] Parallel Prefix Lowering Performance Bug Fix (#8881),other,mlir,False,,CombToAIG,,2,False,entry_tool_not_hw_capable,,False,other /artefacts/probe/input.mlir -output-longest-path=- -top counter,circt-synth %s -output-longest-path=- -top counter | FileCheck %s
4d57dc9240721b4b2a1ffd22521e0ac10dd760c1,[HWToLLVM] Fix struct_inject lowering using pre-lowering operand (#8867),circt-opt,mlir,True,firtool-1.128.0,HWToLLVM,,1,False,pipeline_not_hw_terminal,,False,circt-opt /artefacts/probe/input.mlir --convert-hw-to-llvm --reconcile-unrealized-casts,circt-opt %s --convert-hw-to-llvm --reconcile-unrealized-casts | FileCheck %s
9f021153418e05376b4a53aa3ae66921d391e518,[ImportVerilog] Fix Slang crash when loading same file twice,circt-verilog,sv,True,firtool-1.128.0,ImportVerilog,,1,False,entry_tool_not_hw_capable,,False,circt-verilog /artefacts/probe/input.sv /artefacts/probe/input.sv,circt-verilog %s %s
765883a3939828b80d5de0c509f1f7b43656567b,[ImportVerilog] Fix assignment to concat of packed arrays (#8841),circt-translate,sv,True,firtool-1.128.0,MooreToCore,,2,False,entry_tool_not_hw_capable,,False,circt-translate --import-verilog /artefacts/probe/input.sv,circt-translate --import-verilog %s | FileCheck %s
4fa60bb1d2cf74163d26dacf0d2b4912f7293096,[ImportVerilog] Fix file locations for auto-discovered files (#8840),other,sv,True,firtool-1.128.0,ImportVerilog,,3,False,entry_tool_not_hw_capable,,False,other /artefacts/probe/input.sv,
cb22826d27fb2af6fcc22472e904c894ec70311e,[LLHD] Fix UnrollLoops crash on single-block regions,circt-opt,mlir,True,firtool-1.128.0,LLHD,,1,False,pipeline_not_hw_terminal,,False,circt-opt --llhd-unroll-loops /artefacts/probe/input.mlir,circt-opt --llhd-unroll-loops %s | FileCheck %s
82a8af4acfeaaa20afd3d3545800595b876f5510,[Comb] Fix more recursive mux folders (#8756),circt-opt,mlir,True,firtool-1.126.0,Comb,,1,False,pipeline_not_hw_terminal,,False,circt-opt /artefacts/probe/input.mlir '-canonicalize=top-down=true region-simplify=disabled' --allow-unregistered-dialect,circt-opt %s -canonicalize='top-down=true region-simplify=disabled' --allow-unregistered-dialect | FileCheck %s
237f744475155b056467c291ec7a355a4453b8ac,[FIRRTL] Fix TagExtractOp's type inference (#8766),circt-translate,fir,True,firtool-1.126.0,FIRRTL,,1,False,entry_tool_not_hw_capable,,False,circt-translate -import-firrtl /artefacts/probe/input.fir,circt-translate -import-firrtl -verify-diagnostics -split-input-file %s | circt-opt | FileCheck %s
e80a67d30db4301fa1b57b0e0ec27abdf08f5c68,"[VerifToSMT] Fix lowering of no output, no result LEC op (#8763)",circt-opt,mlir,True,firtool-1.126.0,VerifToSMT,,2,False,pipeline_not_hw_terminal,,False,circt-opt /artefacts/probe/input.mlir --convert-verif-to-smt --reconcile-unrealized-casts -allow-unregistered-dialect,circt-opt %s --convert-verif-to-smt --reconcile-unrealized-casts -allow-unregistered-dialect --split-input-file | FileCheck %s
888e6787e4e2a43278891120da693627e25ab048,[FSMToSV] Fix bug of operations not being cloned in transition region (#8753),circt-opt,mlir,True,firtool-1.126.0,FSMToSV,,1,False,pipeline_not_hw_terminal,,False,circt-opt -convert-fsm-to-sv /artefacts/probe/input.mlir,circt-opt -split-input-file -convert-fsm-to-sv %s | FileCheck %s
dc524e9ea04f496cfbefbbdf505b414c9b164626,[AIG][LongestPathAnalysis] Fix a bug in deduplicatePathsImpl (#8746),other,mlir,True,firtool-1.126.0,AIG,,4,False,entry_tool_not_hw_capable,,False,other /artefacts/probe/input.mlir,%PYTHON% %s | FileCheck %s
24bd19e3cc12f242696e6e3565cb10d11eee37bf,[RTG] Fix ValidateOp elaboration (#8743),circt-opt,mlir,True,firtool-1.126.0,RTG,,1,False,pipeline_not_hw_terminal,,False,circt-opt --rtg-elaborate=seed=0 /artefacts/probe/input.mlir,circt-opt --rtg-elaborate=seed=0 --split-input-file --verify-diagnostics %s | FileCheck %s
47cf87cdcdd3e9811fb5f0654a87b77264aa0e4c,[firtool] Fix argument passing to LowerAnnotations,firtool,fir,True,firtool-1.126.0,Firtool.cpp,,1,False,firtool_output_mode_not_hw,,False,firtool -disable-annotation-unknown /artefacts/probe/input.fir,firtool -disable-annotation-unknown %s | FileCheck %s
3e42dbce123a4210d6650e470b039d11815d9fb5,[ESI] Fix wrap op canonicalizers (#8730),circt-opt,mlir,True,firtool-1.126.0,ESI,,1,False,pipeline_not_hw_terminal,,False,circt-opt /artefacts/probe/input.mlir --canonicalize,circt-opt %s --canonicalize | FileCheck %s
7df789c3ba70c66031ec6d6782dbf380785bd8de,[Comb] Fix excessive const shifts causing crashes and invalid IR (#8696),circt-opt,mlir,True,firtool-1.123.0,Comb,,1,False,pipeline_not_hw_terminal,,False,circt-opt /artefacts/probe/input.mlir '-canonicalize=top-down=true region-simplify=disabled' --allow-unregistered-dialect,circt-opt %s -canonicalize='top-down=true region-simplify=disabled' --allow-unregistered-dialect | FileCheck %s
ece9412ddfe3a89afc3e44851fab343ae697eba0,[VerifToSMT] Fix lowering of initial integer values for BMC (#8689),circt-opt,mlir,True,firtool-1.123.0,VerifToSMT,,3,False,pipeline_not_hw_terminal,,False,circt-opt /artefacts/probe/input.mlir --convert-verif-to-smt,circt-opt %s --convert-verif-to-smt --split-input-file --verify-diagnostics
dfa0fe98e99cb22dc05ef4dc4399d2f23361d904,[FIRRTL] Fix inject-dut-hier deleting new top (#8678),circt-opt,mlir,True,firtool-1.123.0,FIRRTL,,1,False,pipeline_not_hw_terminal,,False,circt-opt '-pass-pipeline=builtin.module(firrtl.circuit(firrtl-inject-dut-hier))' /artefacts/probe/input.mlir,circt-opt -pass-pipeline='builtin.module(firrtl.circuit(firrtl-inject-dut-hier))' -split-input-file %s | FileCheck %s
3df813fd7e65fbca66ffd1fe83395b7c726b4b2a,"[ImportVerilog] Fix range selects, unify lvalue/rvalue code paths",circt-translate,sv,True,firtool-1.123.0,ImportVerilog,,2,False,entry_tool_not_hw_capable,,False,circt-translate --import-verilog /artefacts/probe/input.sv,circt-translate --import-verilog %s | FileCheck %s
d77bd7f21dbb705259085c3aa6eb350db553d92d,[AIG] Fix history's instance path update in LongestPathAnalysis (#8637),circt-opt,mlir,True,firtool-1.123.0,AIG,,1,False,pipeline_not_hw_terminal,,False,circt-opt /artefacts/probe/input.mlir '--pass-pipeline=builtin.module(aig-print-longest-path-analysis{test=true})',circt-opt %s --split-input-file --pass-pipeline='builtin.module(aig-print-longest-path-analysis{test=true})' --verify-diagnostics
81140f6a2c1e9785a8705e3d7a7dd327226f3634,[FIRRTL] Fix Grand Central companion not-in-design (#8625),circt-opt,mlir,True,firtool-1.123.0,FIRRTL,,1,False,pipeline_not_hw_terminal,,False,"circt-opt '-pass-pipeline=builtin.module(firrtl.circuit(firrtl-grand-central,symbol-dce))' /artefacts/probe/input.mlir","circt-opt -pass-pipeline='builtin.module(firrtl.circuit(firrtl-grand-central,symbol-dce))' -split-input-file %s | FileCheck %s"
1b810c5d4aed68613a521c6e21ec959bb4ae20f9,[FIRRTL] Fix cat canonicalization to handle mixed signed/unsigned operands (#8621),circt-opt,mlir,True,firtool-1.123.0,FIRRTL,,1,False,pipeline_not_hw_terminal,,False,circt-opt '-canonicalize=top-down=true region-simplify=aggressive' /artefacts/probe/input.mlir,circt-opt -canonicalize='top-down=true region-simplify=aggressive' %s | FileCheck %s
09a701bb6577ae704706792f9f0b83ddd3445003,[AIG][ImportAIGER] Fix incorrect tokenization and simplify parser (#8588),circt-translate,mlir,True,firtool-1.121.0,ImportAIGER,,1,False,entry_tool_not_hw_capable,,False,circt-translate --import-aiger /artefacts/probe/input.mlir/invalid-index.aig /artefacts/probe/input.mlir,circt-translate --import-aiger %S/invalid-index.aig | FileCheck %s
ca84bb763f34f168ce4f5e3363b35fa0646492a4,[FIRRTL] Fix public copying in inject-dut-hier,circt-opt,mlir,True,firtool-1.121.0,FIRRTL,,1,False,pipeline_not_hw_terminal,,False,circt-opt '-pass-pipeline=builtin.module(firrtl.circuit(firrtl-inject-dut-hier))' /artefacts/probe/input.mlir,circt-opt -pass-pipeline='builtin.module(firrtl.circuit(firrtl-inject-dut-hier))' -split-input-file %s | FileCheck %s
5da61416c3739234396efad0bd74c8e4c3549fec,[LLHD] Fix drive combining for single-element arrays and structs,circt-opt,mlir,True,firtool-1.121.0,LLHD,,1,False,pipeline_not_hw_terminal,,False,circt-opt --llhd-combine-drives /artefacts/probe/input.mlir,circt-opt --llhd-combine-drives %s | FileCheck %s
9be24fbb4939e409d2c7d4388d7f38c4168d06ba,[LLHD] Fix canonicalizer crashing on empty processes with results,circt-opt,mlir,True,firtool-1.121.0,LLHD,,1,False,pipeline_not_hw_terminal,,False,circt-opt /artefacts/probe/input.mlir -canonicalize,circt-opt %s -canonicalize | FileCheck %s
ce9146a64ab850a0d68470d85e026d1b10d1a309,[CombFolds] Fix comb.mul folder for i0,circt-opt,mlir,True,firtool-1.121.0,Comb,,1,False,pipeline_not_hw_terminal,,False,circt-opt /artefacts/probe/input.mlir '-canonicalize=top-down=true region-simplify=disabled' --allow-unregistered-dialect,circt-opt %s -canonicalize='top-down=true region-simplify=disabled' --allow-unregistered-dialect | FileCheck %s
a1d66ba1349904ca867f957f3246ab86080c1d44,[LLHD] Fix deseq poisoning comb ops that don't depend on triggers (#8513),circt-opt,mlir,True,firtool-1.121.0,LLHD,,1,False,pipeline_not_hw_terminal,,False,circt-opt --llhd-deseq /artefacts/probe/input.mlir,circt-opt --llhd-deseq %s | FileCheck %s
27fdf5525cdc5503df22cb1d7e7eb6d94a1d79a6,[Arc] Fix arc inliner deleting arcs that still have calls (#8510),other,mlir,True,firtool-1.117.0,Arc,,3,False,entry_tool_not_hw_capable,,False,other /artefacts/probe/input.mlir,split-file %s %t
a49186699205898f66c3dfe4b5ca1535ef47e9c6,[LLHD] Fix handling of conditional drives (#8498),circt-opt,mlir,True,firtool-1.117.0,LLHD,,1,False,pipeline_not_hw_terminal,,False,circt-opt --llhd-mem2reg /artefacts/probe/input.mlir,circt-opt --llhd-mem2reg %s | FileCheck %s
a1929a1878d4f37279684d87a5edf9b2f88787b6,[firrtl] Fix fprintf round trip issue,circt-opt,mlir,True,firtool-1.114.0,FIRRTL,,1,False,pipeline_not_hw_terminal,,False,circt-opt --verify-roundtrip /artefacts/probe/input.mlir,circt-opt --verify-roundtrip %s | FileCheck %s
bd6949339c410d700751050e505fbaf2b04bbb2d,[ImportVerilog] Fix empty replications within concatenations,circt-translate,sv,True,firtool-1.110.0,ImportVerilog,,2,False,entry_tool_not_hw_capable,,False,circt-translate --import-verilog /artefacts/probe/input.sv,circt-translate --import-verilog %s | FileCheck %s
475b936c55e8a4041a4cdafb38902e70b938f6f0,[FIRRTL] Fix: Enforce flat namespace for modules (#8345),circt-translate,fir,True,firtool-1.110.0,FIRRTL,,2,False,entry_tool_not_hw_capable,,False,circt-translate -import-firrtl /artefacts/probe/input.fir,circt-translate -import-firrtl -verify-diagnostics -split-input-file %s | circt-opt | FileCheck %s
ac1184031e209d444e4fd7acccf5f68e2aa53551,[Seq] Fix width errors in HWMemSimImpl (#8351),circt-opt,mlir,True,firtool-1.110.0,Seq,,8,False,pipeline_not_hw_terminal,,False,circt-opt -hw-memory-sim /artefacts/probe/input.mlir,circt-opt -hw-memory-sim %s | FileCheck %s --check-prefix COMMON --implicit-check-not sv.attributes
9570cdc98d19ff3866c2580c4eab9eae58ccbfc3,"[FIRRTL] Canonicalize Assert(clk, p, e) when p == e (#8320)",circt-opt,mlir,True,firtool-1.109.0,FIRRTL,,5,False,pipeline_not_hw_terminal,,False,circt-opt '-canonicalize=top-down=true region-simplify=aggressive' /artefacts/probe/input.mlir,circt-opt -canonicalize='top-down=true region-simplify=aggressive' %s | FileCheck %s
b08feee25e60deaad914f5bcce50c5b61662a971,"[Verif] Add multiplier integration test, fix bug in lower contracts (#8300)",other,mlir,False,,Verif,,2,False,entry_tool_not_hw_capable,,False,other /artefacts/probe/input.mlir,true
c7c7352daf11cd4d4dd20cc2a05e3c2e4758056a,[AffineParallelUnroll] Fix empty map lookup; move canonicalization passes before `MemoryConflictResolver` (#8282),circt-opt,mlir,True,firtool-1.107.0,Calyx,,1,False,pipeline_not_hw_terminal,,False,circt-opt --affine-parallel-unroll /artefacts/probe/input.mlir,circt-opt --affine-parallel-unroll --split-input-file --verify-diagnostics %s | FileCheck %s
3f0aa622f0ca59877dececf8631bf7028b59b051,[ESI] Fix assert on lower unwrap value from block arg,circt-opt,mlir,True,firtool-1.107.0,ESI,,1,True,,--lower-esi-to-hw,True,circt-opt --lower-esi-to-hw /artefacts/probe/input.mlir,circt-opt --lower-esi-to-hw %s --verify-diagnostics --split-input-file
6e93a0e8400d2e2f17725af096d470584713eda1,[MooreToCore]Fix a crash caused by block args as observed values for llhd.wait. (#8210),circt-opt,mlir,True,firtool-1.103.0,MooreToCore,,1,False,pipeline_not_hw_terminal,,False,circt-opt /artefacts/probe/input.mlir --convert-moore-to-core,circt-opt %s --convert-moore-to-core --verify-diagnostics | FileCheck %s
8ba4ceaf3764c0ce755e02a9c01760a931a1acdd,[FIRRTL] Fix hasDontTouch crash on non-module block args (#8157),circt-opt,mlir,True,firtool-1.103.0,FIRRTL,,1,False,pipeline_not_hw_terminal,,False,circt-opt '-pass-pipeline=builtin.module(firrtl-imdeadcodeelim)' --allow-unregistered-dialect /artefacts/probe/input.mlir,circt-opt -pass-pipeline='builtin.module(firrtl-imdeadcodeelim)' --split-input-file --verify-diagnostics --allow-unregistered-dialect %s | FileCheck %s
671dec51619c13b0812614212ba77d5ae1746308,[RTG][Elaboration] Support fixed and virtual registers (#8101),circt-opt,mlir,True,firtool-1.103.0,RTG,,1,False,pipeline_not_hw_terminal,,False,circt-opt --rtg-elaborate=seed=0 /artefacts/probe/input.mlir,circt-opt --rtg-elaborate=seed=0 --split-input-file --verify-diagnostics %s | FileCheck %s
0cea50e9e7d28044485a0e9547de013049b70ecd,[SCFToCalyx] Lower floating point comparison logic fix,circt-opt,mlir,True,firtool-1.103.0,SCFToCalyx,,2,False,pipeline_not_hw_terminal,,False,circt-opt /artefacts/probe/input.mlir --lower-scf-to-calyx -canonicalize,circt-opt %s --lower-scf-to-calyx -canonicalize -split-input-file | FileCheck %s
09790a726509c031cc8c299c9b9d54a719576b85,[SCFToCalyx] Fix lowering `scf.if` op when it yields nothing (#8079),circt-opt,mlir,True,firtool-1.100.0,SCFToCalyx,,1,False,pipeline_not_hw_terminal,,False,circt-opt /artefacts/probe/input.mlir --lower-scf-to-calyx -canonicalize,circt-opt %s --lower-scf-to-calyx -canonicalize -split-input-file | FileCheck %s
dcf6516ee06ba7b62057e8c5c59130c162bb74e8,[VerifToSMT] Fix incorrect loop region result indexing (#8006),circt-opt,mlir,True,firtool-1.99.2,VerifToSMT,,1,False,pipeline_not_hw_terminal,,False,circt-opt /artefacts/probe/input.mlir --convert-verif-to-smt --reconcile-unrealized-casts -allow-unregistered-dialect,circt-opt %s --convert-verif-to-smt --reconcile-unrealized-casts -allow-unregistered-dialect | FileCheck %s
a15654cd5d518e844d7187d10d748a184e0ce282,[HWToBTOR2] Fix incorrect le/ge predicate name emission (#8028),circt-opt,mlir,True,firtool-1.99.2,HWToBTOR2,,1,False,pipeline_not_hw_terminal,,False,circt-opt /artefacts/probe/input.mlir --convert-hw-to-btor2 -o /artefacts/probe/input.mlir,circt-opt %s --convert-hw-to-btor2 -o %t | FileCheck %s
afa566aabda8a7bcb2d30c971a2b2ebd3dff069f,[Arc][ArcToLLVM] Fix seq.clock_gate lowering,circt-opt,mlir,True,firtool-1.99.2,ArcToLLVM,,1,False,pipeline_not_hw_terminal,,False,circt-opt /artefacts/probe/input.mlir --lower-arc-to-llvm,circt-opt %s --lower-arc-to-llvm | FileCheck %s
99826b849987b38b8590ad70cc45efd02dce2c35,[HWArith] Fix lowering to HW with type aliases,circt-opt,mlir,True,firtool-1.99.0,HWArithToHW,,1,True,,--lower-hwarith-to-hw,True,circt-opt -lower-hwarith-to-hw /artefacts/probe/input.mlir,circt-opt -split-input-file -lower-hwarith-to-hw %s | FileCheck %s
54d3dd01a8b791ac09869bee678abe4a6e8b6d2d,[LLHD] Fix misprint in llhd-desequentialize pass (#7985),circt-opt,mlir,True,firtool-1.95.0,LLHD,,1,False,pipeline_not_hw_terminal,,False,circt-opt --llhd-desequentialize -canonicalize /artefacts/probe/input.mlir,circt-opt --llhd-desequentialize -canonicalize %s | FileCheck %s
79c2d41904cd71fd6a3904cde754b516a2a224c0,[ExportVerilog] Fix ifdef of macro w/ Verilog name,circt-opt,mlir,True,firtool-1.92.0,ExportVerilog,,1,False,pipeline_not_hw_terminal,,False,circt-opt /artefacts/probe/input.mlir -test-apply-lowering-options=options=emitBindComments -export-verilog,circt-opt %s -test-apply-lowering-options='options=emitBindComments' -export-verilog -verify-diagnostics | FileCheck %s --strict-whitespace
dcd7c47a9fd0f500a4d6c83263021bce53c8ddef,[HandshakeToDC] Fix a bug in the sync conversion pattern,circt-opt,mlir,True,firtool-1.92.0,HandshakeToDC,,1,False,pipeline_not_hw_terminal,,False,circt-opt /artefacts/probe/input.mlir --lower-handshake-to-dc,circt-opt %s --lower-handshake-to-dc | FileCheck %s
0bf454fb46d982ae4528867eeff1db45da9a9eaf,[SCFToCalyx] fix https://github.com/llvm/circt/issues/7861 (#7862),circt-opt,mlir,True,firtool-1.92.0,SCFToCalyx,,1,False,pipeline_not_hw_terminal,,False,circt-opt /artefacts/probe/input.mlir --lower-scf-to-calyx -canonicalize,circt-opt %s --lower-scf-to-calyx -canonicalize -split-input-file | FileCheck %s
c5f14f1c26e6ddca74a1e11eed376a740bfad2ad,[HWToBTOR2] Fix crashes on initial value corner cases (#7844),circt-opt,mlir,True,firtool-1.92.0,HWToBTOR2,,1,False,pipeline_not_hw_terminal,,False,circt-opt /artefacts/probe/input.mlir --convert-hw-to-btor2 -o tmp.mlir,circt-opt %s --convert-hw-to-btor2 --verify-diagnostics --split-input-file -o tmp.mlir
9c3bbcfb27fb6c6b3ad856b65ffdc1cad562132e,[HWToBTOR2] Fix slice lowering argument meanings (#7842),circt-opt,mlir,True,firtool-1.92.0,HWToBTOR2,,1,False,pipeline_not_hw_terminal,,False,circt-opt /artefacts/probe/input.mlir --convert-hw-to-btor2 -o tmp.mlir,circt-opt %s --convert-hw-to-btor2 -o tmp.mlir | FileCheck %s
a50f19e8511eb98366561aa44b88500f41dbff36,"[FIRRTL] Update, fix parser versions (#7827)",other,mlir,True,firtool-1.92.0,FIRRTL,,12,False,entry_tool_not_hw_capable,,False,other '2>&1' /artefacts/probe/input.mlir,circt-capi-firrtl-test 2>&1 | FileCheck %s
a7bd275fb9f237c14b63bd330ff8c28f05f1b2b2,[FIRRTL] Fix folding of when conditions into LTL properties (#7760),circt-opt,mlir,True,firtool-1.90.0,FIRRTL,,2,False,pipeline_not_hw_terminal,,False,circt-opt '--pass-pipeline=builtin.module(firrtl.circuit(any(firrtl-expand-whens)))' /artefacts/probe/input.mlir,circt-opt --pass-pipeline='builtin.module(firrtl.circuit(any(firrtl-expand-whens)))' %s | FileCheck %s
31e4f9eaaede6da8d57f8c730f76eb291ed18ad9,fix memref flatten-load (#7298),circt-opt,mlir,True,firtool-1.90.0,FlattenMemRefs.cpp,,1,False,pipeline_not_hw_terminal,,False,circt-opt --flatten-memref /artefacts/probe/input.mlir,circt-opt -split-input-file --flatten-memref %s | FileCheck %s
bcee76272eae995e12f9ab76c28180784e8730d2,[FIRRTL] Fix InstanceInfo top-is-DUT bug,circt-opt,mlir,True,firtool-1.90.0,FIRRTLInstanceInfo.cpp,,1,False,pipeline_not_hw_terminal,,False,circt-opt /artefacts/probe/input.mlir -test-firrtl-instance-info '2>&1',circt-opt %s -test-firrtl-instance-info -split-input-file 2>&1 | FileCheck %s
7fff704e9e84e35b4aa653b5424272bad1343138,[Arc] Fix folding of initialized StateOp (#7653),circt-opt,mlir,True,firtool-1.87.0,Arc,,1,False,pipeline_not_hw_terminal,,False,circt-opt --canonicalize /artefacts/probe/input.mlir,circt-opt --canonicalize %s | FileCheck %s
337dad583965ea03ddcef75d9da2b5f10c23ec8d,[MooreToCore] Alternative conditional lowering and type conversion fixes (#7625),circt-opt,mlir,False,,MooreToCore,,1,False,pipeline_not_hw_terminal,,False,circt-opt /artefacts/probe/input.mlir --convert-moore-to-core,circt-opt %s --convert-moore-to-core --verify-diagnostics | FileCheck %s
d5314f79fe7a77fe4b2259c031c9f53448a02a27,"[Moore] Add assert, assume, and conver ops. (#7589)",circt-translate,sv,False,,Moore,,2,False,entry_tool_not_hw_capable,,False,circt-translate --import-verilog /artefacts/probe/input.sv,circt-translate --import-verilog %s | FileCheck %s
