sha,date,exact,subject,src_files,test_files,n_run_lines,entry_tools,langs,reducibility
cc71d34ab52f,2026-08-17,1,[MooreToCore] Fix out-of-bounds and aggregate moore.extract lowering (#10993),lib/Conversion/MooreToCore/MooreToCore.cpp,test/Conversion/MooreToCore/basic.mlir;test/circt-verilog/roundtrip-oob-reads.sv,2,circt-opt;circt-verilog,.mlir;.sv,direct;lift-circt-verilog
56f16468bccf,2026-08-13,1,[OM] Fix OM evaluator assert w/ non-constant msg,lib/Dialect/OM/Transforms/ElaborateObject.cpp,test/Dialect/OM/elaborate-object-errors-unevaluated.mlir,1,circt-opt,.mlir,direct
4ac632ae7dd8,2026-08-13,1,[OM] Fix crash in assert w/ block arg message,lib/Dialect/OM/Transforms/ElaborateObject.cpp,test/Dialect/OM/elaborate-object-errors-unevaluated.mlir,1,circt-opt,.mlir,direct
08f97b29f1c7,2026-08-03,1,[ImportVerilog] Re-apply array handling fixes without unpacked array reversal (#10926),lib/Conversion/ImportVerilog/Expressions.cpp,test/Conversion/ImportVerilog/array.sv;test/Conversion/ImportVerilog/basic.sv,3,circt-translate;circt-verilog,.sv,lift-circt-verilog
e2e5cca7355c,2026-07-28,1,[MooreToCore] Lower moore.null and handle comparisons to LLVM ptr ops (#10863),lib/Conversion/MooreToCore/MooreToCore.cpp,test/Conversion/MooreToCore/classes.mlir,1,circt-opt,.mlir,direct
42d11d06acf7,2026-07-22,1,[FIRRTL][InferDomain] Fix null pointer dereference (#10886),lib/Dialect/FIRRTL/Transforms/InferDomains.cpp,test/Dialect/FIRRTL/infer-domains-check-errors.mlir,1,circt-opt,.mlir,direct
e7e3249173a2,2026-07-21,1,[ImportVerilog] Allow `assert`s inside functions,include/circt/Dialect/Moore/MooreOps.h;include/circt/Dialect/Moore/MooreOps.td,test/Conversion/ImportVerilog/basic.sv,2,circt-translate;circt-verilog,.sv,lift-circt-verilog
a5f07baa45f0,2026-07-17,1,[ImportVerilog] Fix operand domain for real logical operators (#10842),lib/Conversion/ImportVerilog/Expressions.cpp,test/Conversion/ImportVerilog/basic.sv,2,circt-translate;circt-verilog,.sv,lift-circt-verilog
f1fe5740b35c,2026-07-15,1,[ExportVerilog] Fix precedence of equality operators (#10833),lib/Conversion/ExportVerilog/ExportVerilog.cpp,test/Conversion/ExportVerilog/verilog-basic.mlir,1,circt-opt,.mlir,direct
dc54091c7728,2026-07-14,1,[MooreToCore] Legalize sim.queue as a target type to fix hierarchical queue refs (#10821),lib/Conversion/MooreToCore/MooreToCore.cpp,test/Conversion/MooreToCore/basic.mlir,1,circt-opt,.mlir,direct
a01b37c93c58,2026-07-14,1,[Moore] Fix VariableOp::getDefaultValue for non-integer types (#10827),lib/Dialect/Moore/MooreOps.cpp,test/Dialect/Moore/mem2reg.mlir,1,circt-opt,.mlir,direct
3483195718eb,2026-07-08,1,[ImportVerilog] Fix corrupted constant string materialization (#10776),lib/Conversion/ImportVerilog/Expressions.cpp,test/Conversion/ImportVerilog/basic.sv,2,circt-translate;circt-verilog,.sv,lift-circt-verilog
bb4d4f99f6ea,2026-07-06,1,[MooreToCore] Fix bool cast lowering for packed aggregates (#10777),lib/Conversion/MooreToCore/MooreToCore.cpp,test/Conversion/MooreToCore/basic.mlir,1,circt-opt,.mlir,direct
a14ce3078b4c,2026-07-06,1,[ImportVerilog] Fix return type mismatch for functions returning string (#10775),lib/Conversion/ImportVerilog/Statements.cpp,test/Conversion/ImportVerilog/basic.sv,2,circt-translate;circt-verilog,.sv,lift-circt-verilog
acbc74635c94,2026-07-06,1,[MooreToCore][Transforms] Fix always_comb lowering for string-typed signals (#10769),lib/Conversion/MooreToCore/MooreToCore.cpp;lib/Transforms/MapArithToComb.cpp,test/Conversion/MooreToCore/basic.mlir;test/Transforms/map-arith-to-comb.mlir,2,circt-opt,.mlir,direct
0da0bde46833,2026-06-25,1,[Comb] Fix O(NM) extract-of-concat resolution (#10733),lib/Dialect/Comb/CombFolds.cpp,test/Dialect/Comb/concat-canonicalize-scaling.py,0,(none),other:.py,textual-only
0fbfd5858034,2026-06-24,1,[FIRRTL][Inliner] Fix n^2/crash when cloning anno to multiple tops. (#10721),lib/Dialect/FIRRTL/Transforms/ModuleInliner.cpp,test/Dialect/FIRRTL/inliner.mlir,1,circt-opt,.mlir,direct
23abfba6006b,2026-06-23,1,[DCToHW] Fix invalid ESI connections from Unpack(pack()) (#10649),include/circt/Dialect/DC/DCOps.td;lib/Dialect/DC/DCOps.cpp,test/Conversion/DCToHW/basic.mlir;test/Dialect/DC/canonicalization.mlir,2,circt-opt,.mlir,direct
2aaa416d740d,2026-06-20,1,[FIRRTL] Fix when flattening with layerblocks domination issue (#10650),lib/Dialect/FIRRTL/Transforms/ExpandWhens.cpp,test/Dialect/FIRRTL/expand-whens.mlir,1,circt-opt,.mlir,direct
3f65acfd617b,2026-06-17,1,[FIRRTLToHW] Fix firrtl enum lowering (#10648),lib/Conversion/FIRRTLToHW/LowerToHW.cpp,test/Conversion/FIRRTLToHW/lower-to-hw.mlir,1,circt-opt,.mlir,direct
97129392af7a,2026-06-11,1,[ImportVerilog] Fix bit-vector builtins rejecting packed non-integer types (#10615),lib/Conversion/ImportVerilog/Expressions.cpp,test/Conversion/ImportVerilog/builtins.sv,2,circt-translate;circt-verilog,.sv,lift-circt-verilog
ce945f02fde1,2026-06-07,1,[CombToSynth] Assertion failure in CompressorTree construction for comb.mul lowering (#10598),lib/Dialect/Datapath/DatapathOps.cpp,test/Conversion/CombToSynth/comb-to-aig-arith.mlir,3,circt-opt,.mlir,direct
6a3a01e41523,2026-06-05,1,[FIRRTL] InferDomains: Fix domain casting for constants,lib/Dialect/FIRRTL/Transforms/InferDomains.cpp,test/Dialect/FIRRTL/infer-domains-infer-all.mlir,1,circt-opt,.mlir,direct
b645b96686fa,2026-06-04,1,[LLHD] Fix incorrect mux generation in remove-control-flow (#10566),lib/Dialect/LLHD/Transforms/RemoveControlFlow.cpp,test/Dialect/LLHD/Transforms/remove-control-flow.mlir,1,circt-opt,.mlir,direct
38227a822425,2026-05-27,1,[Synth] Fix NPN input permutation mapping (#10543),lib/Support/TruthTable.cpp,integration_test/circt-synth/mapping-lec.mlir;test/Dialect/Synth/tech-mapper.mlir,10,circt-lec;circt-opt;circt-synth;other,.mlir,direct
4ed926c3c177,2026-05-23,1,[OM] Fix IntegerShlOp evaluation to allow arbitrary bitwidth (#10533),lib/Dialect/OM/OMOps.cpp,test/Dialect/OM/canonicalizers.mlir;test/Dialect/OM/elaborate-object.mlir,4,circt-opt,.mlir,direct
20309db8b207,2026-05-22,1,"[FIRRTL] Fix mux fold bug, 1 const, 2 SSA values (#10529)",lib/Dialect/FIRRTL/FIRRTLFolds.cpp,test/Dialect/FIRRTL/canonicalization.mlir,1,circt-opt,.mlir,direct
793d63912b43,2026-05-20,1,[ImportVerilog] Fix unpacked string array initialization with concatenation (#10511),lib/Conversion/ImportVerilog/Expressions.cpp,test/Conversion/ImportVerilog/basic.sv,2,circt-translate;circt-verilog,.sv,lift-circt-verilog
be870d5d5d54,2026-05-15,1,"Revert ""[ImportVerilog] Fix several bugs in the handling of arrays (#10444)"" (#10478)",lib/Conversion/ImportVerilog/Expressions.cpp,test/Conversion/ImportVerilog/basic.sv,2,circt-translate;circt-verilog,.sv,lift-circt-verilog
3daad646aa92,2026-05-13,1,[ImportVerilog] Fix several bugs in the handling of arrays (#10444),lib/Conversion/ImportVerilog/Expressions.cpp,test/Conversion/ImportVerilog/array.sv;test/Conversion/ImportVerilog/basic.sv,3,circt-translate;circt-verilog,.sv,lift-circt-verilog
2cdbf0d17111,2026-04-30,1,[LLHD] Run Mem2Reg per slot to fix cubic scaling (#10321),lib/Dialect/LLHD/Transforms/Mem2Reg.cpp,test/Dialect/LLHD/Transforms/mem2reg-scaling.mlir;test/Dialect/LLHD/Transforms/mem2reg-scaling.py;test/Dialect/LLHD/Transforms/mem2reg.mlir,9,circt-opt;other,.mlir;other:.py,direct;textual-only
bcc1685cdd20,2026-04-21,1,[LLHD] Run Mem2Reg per slot to fix cubic scaling (#10263),lib/Dialect/LLHD/Transforms/Mem2Reg.cpp,test/Dialect/LLHD/Transforms/mem2reg-scaling.mlir;test/Dialect/LLHD/Transforms/mem2reg-scaling.py;test/Dialect/LLHD/Transforms/mem2reg.mlir,9,circt-opt;other,.mlir;other:.py,direct;textual-only
681992b3a872,2026-04-17,1,[SeqToSV] Fix illegal IR in clock-typed register (#10260),lib/Conversion/SeqToSV/FirRegLowering.cpp,test/Dialect/Seq/firreg.mlir,3,circt-opt,.mlir,direct
6a2571d0a6c4,2026-04-16,1,[Synth][FunctionalReduction] Fix a SSA cycle (#10137),lib/Dialect/Synth/Transforms/FunctionalReduction.cpp,test/Dialect/Synth/functional-reduction.mlir,1,circt-opt,.mlir,direct
02bb5593a1fc,2026-04-14,1,Replace array constants with map by block to fix constant defined outside of IsolatedAbove region (#10210),lib/Dialect/Synth/Transforms/LowerWordToBits.cpp,test/Dialect/Synth/lower-word-to-bits.mlir,1,circt-opt,.mlir,direct
1ccf9cf310cb,2026-04-09,1,[OM] Add property assert operation,include/circt/Dialect/OM/OMOps.td,test/Dialect/OM/round-trip.mlir,1,circt-opt,.mlir,direct
a4a4f74118eb,2026-04-06,1,[FIRRTL] InferDomains: Fix wire updating,lib/Dialect/FIRRTL/Transforms/InferDomains.cpp,test/Dialect/FIRRTL/infer-domains-infer-all.mlir,1,circt-opt,.mlir,direct
2867b37b5415,2026-04-06,1,[FIRRTL] Fix mask repeat order in FlattenMemory (#10106),lib/Dialect/FIRRTL/Transforms/FlattenMemory.cpp,test/Dialect/FIRRTL/flatten-memory.mlir;test/firtool/memoryLowering.fir,2,circt-opt;firtool,.fir;.mlir,direct;lift-firtool
4df5007fbcf2,2026-03-30,1,[FIRRTL] Fix LowerClasses Objects not InstanceLike (#10081),lib/Dialect/FIRRTL/Transforms/LowerClasses.cpp,test/Dialect/FIRRTL/lower-classes.mlir,1,circt-opt,.mlir,direct
738d5e09880f,2026-03-30,1,"[Synth][ResourceUsage] Fix misuse of InstanceGraphNode::getModule, report truth table total count (#10078)",lib/Dialect/Synth/Analysis/ResourceUsageAnalysis.cpp,test/Dialect/Synth/resource.mlir,3,circt-opt,.mlir,direct
b15ee99dbe58,2026-03-27,1,[ImportVerilog] Fix signal captures in timing controls (#10067),lib/Conversion/ImportVerilog/ImportVerilogInternals.h;lib/Conversion/ImportVerilog/TimingControls.cpp,test/Conversion/ImportVerilog/basic.sv,2,circt-translate;circt-verilog,.sv,lift-circt-verilog
838a8bb29106,2026-03-27,1,[NFC][CoreToFSM] Fix typo in error message (#10063),lib/Conversion/CoreToFSM/CoreToFSM.cpp,test/Conversion/CoreToFSM/errors.mlir,1,circt-opt,.mlir,direct
c9b4ed95782c,2026-03-27,1,[FIRParser] Fix a failure when the number of operands are missing on format string (#10044),lib/Dialect/FIRRTL/FIRRTLUtils.cpp,test/Dialect/FIRRTL/parse-errors.fir,1,circt-translate,.fir,lift-firtool
c14279dcbf73,2026-03-26,1,[circt-reduce] Fix module-port-pruner crash on ports with uses (#10040),lib/Dialect/FIRRTL/FIRRTLReductions.cpp,test/Dialect/FIRRTL/Reduction/module-port-pruner.mlir,1,circt-reduce,.mlir,direct
60a9ebf59100,2026-03-24,1,[FIRRTL] Fix use-before-def in InferDomains (#10029),lib/Dialect/FIRRTL/Transforms/InferDomains.cpp,test/Dialect/FIRRTL/infer-domains-infer-all.mlir;test/Dialect/FIRRTL/infer-domains-infer.mlir,2,circt-opt,.mlir,direct
c80cfb9e2967,2026-03-24,1,[FIRRTL][LOA] Fix bug dropping inner symbol within mapped type. (#10026),lib/Dialect/FIRRTL/Transforms/LowerOpenAggs.cpp,test/Dialect/FIRRTL/lower-open-aggs.mlir,1,circt-opt,.mlir,direct
88d9a5ad7a3a,2026-03-22,1,[InstanceGraph] Relax assertion failure condition (#10005),lib/Support/InstanceGraph.cpp,test/Dialect/SV/sv-trace-iverilog-errors.mlir,1,circt-opt,.mlir,direct
b59eca8f1e7b,2026-03-22,1,[HW] Fix crash on self-referential hw.wire canonicalize,lib/Dialect/HW/HWOps.cpp,test/Dialect/HW/canonicalization.mlir,1,circt-opt,.mlir,direct
72acea92c1d1,2026-03-22,1,[Moore] Fix crash on self-referential AssignedVariableOp canonicalize,lib/Dialect/Moore/MooreOps.cpp,test/Dialect/Moore/canonicalizers.mlir,1,circt-opt,.mlir,direct
1625085798f3,2026-03-22,1,[ImportVerilog] Fix crash on instance with unconvertible port values,lib/Conversion/ImportVerilog/Structure.cpp,test/Conversion/ImportVerilog/errors.sv,1,circt-translate,.sv,lift-circt-verilog
9445def95048,2026-03-22,1,[ImportVerilog] Fix crash on array new with unsupported size expr,lib/Conversion/ImportVerilog/Expressions.cpp,test/Conversion/ImportVerilog/errors.sv,1,circt-translate,.sv,lift-circt-verilog
b19078499420,2026-03-22,1,[MooreToCore] Fix queue pop conversions bypassing rewriter,lib/Conversion/MooreToCore/MooreToCore.cpp,test/Conversion/MooreToCore/basic.mlir,1,circt-opt,.mlir,direct
c3e2100d37ca,2026-03-21,1,[MooreToCore] Fix crash on class new with unsupported member types (#10001),lib/Conversion/MooreToCore/MooreToCore.cpp,test/Conversion/MooreToCore/errors.mlir,1,circt-opt,.mlir,direct
b3b407b37bb2,2026-03-21,1,[MooreToCore] Fix crash on dynamic array variable conversion (#9996),lib/Conversion/MooreToCore/MooreToCore.cpp,test/Conversion/MooreToCore/errors.mlir,1,circt-opt,.mlir,direct
3ef31bc4848a,2026-03-21,1,[ImportVerilog] Fix crash on continuous assign with rise/fall delay (#9994),lib/Conversion/ImportVerilog/Structure.cpp,test/Conversion/ImportVerilog/errors.sv,1,circt-translate,.sv,lift-circt-verilog
d636fb5d3f01,2026-03-21,1,[ImportVerilog] Fix crash on repeat loop with real count (#9992),lib/Conversion/ImportVerilog/Statements.cpp,test/Conversion/ImportVerilog/basic.sv,2,circt-translate;circt-verilog,.sv,lift-circt-verilog
564e07083c52,2026-03-21,1,[Sim] Fix null dereference in StringConcatOp::fold (#9990),lib/Dialect/Sim/SimOps.cpp,test/Dialect/Sim/dynamic-strings.mlir,1,circt-opt,.mlir,direct
246aa011e7b9,2026-03-20,1,[ImportVerilog] Fix crash on enum traversal methods (#9988),lib/Conversion/ImportVerilog/Expressions.cpp,test/Conversion/ImportVerilog/errors.sv,1,circt-translate,.sv,lift-circt-verilog
337c72727242,2026-03-19,1,[ExportVerilog] Fix missing error propagation (#9976),lib/Conversion/ExportVerilog/ExportVerilog.cpp,test/Conversion/ExportVerilog/verilog-errors-prop.mlir,6,circt-opt;other,.mlir,direct
a069e06e7cb9,2026-03-17,1,[ImportVerilog] Fix moore.conversion legalization failure on interface ports (#9927),lib/Conversion/ImportVerilog/Structure.cpp,test/Conversion/ImportVerilog/basic.sv,2,circt-translate;circt-verilog,.sv,lift-circt-verilog
1dfc471304be,2026-03-16,1,[ImportVerilog] Fix a fork-join stmt bug (#9951),lib/Conversion/ImportVerilog/Statements.cpp,test/Conversion/ImportVerilog/basic.sv,2,circt-translate;circt-verilog,.sv,lift-circt-verilog
e915a39ed63d,2026-03-16,1,[CoreToFSM] Fix concat-in-mux losing possible state values (#9952),lib/Conversion/CoreToFSM/CoreToFSM.cpp,test/Conversion/CoreToFSM/concat-mux.mlir,1,circt-opt,.mlir,direct
b6dea0f9d436,2026-03-16,1,[CoreToFSM] Fix guard-constant folding replacing fsm.update variable operand (#9950),lib/Conversion/CoreToFSM/CoreToFSM.cpp,test/Conversion/CoreToFSM/action-guard-simplify.mlir,1,circt-opt,.mlir,direct
d0cb91fbd7cc,2026-03-12,0,[ImportVerilog] Fix a segmentation fault (#9894),lib/Dialect/Moore/Transforms/CreateVTables.cpp,test/Conversion/ImportVerilog/basic.sv,2,circt-translate;circt-verilog,.sv,lift-circt-verilog
10ca02433451,2026-03-11,0,[CoreToFSM] Fix infinite loop in GuardConditionFoldPattern on constants (#9905),lib/Conversion/CoreToFSM/CoreToFSM.cpp,test/Conversion/CoreToFSM/action-guard-simplify.mlir,1,circt-opt,.mlir,direct
a0ce24f53157,2026-03-11,0,[CoreToFSM] Fix crash on regs without resets (#9899),lib/Conversion/CoreToFSM/CoreToFSM.cpp,test/Conversion/CoreToFSM/basic.mlir;test/Conversion/CoreToFSM/errors.mlir,2,circt-opt,.mlir,direct
01c8443a464c,2026-03-11,0,[ImportVerilog] Support for `disable iff` in a clocked assertion (#9875),lib/Conversion/ImportVerilog/Statements.cpp,test/Conversion/ImportVerilog/basic.sv,2,circt-translate;circt-verilog,.sv,lift-circt-verilog
fb5d04cc5ab8,2026-03-10,1,[FSMToSMT] fix initial state management (#9893),lib/Conversion/FSMToSMT/FSMToSMT.cpp,test/Conversion/FSMToSMT/diff_init_state.mlir,1,circt-opt,.mlir,direct
33c4c09aebdd,2026-03-10,1,[Seq][RegOfVecToMem] Fix invalid address type for single element memories (#9827),lib/Dialect/Seq/Transforms/RegOfVecToMem.cpp,test/Dialect/Seq/reg-of-vec-to-mem.mlir,1,circt-opt,.mlir,direct
a3e42c4e87c4,2026-03-06,1,[ImportVerilog] Fix crash when using `$` in queue range selection (#9779),lib/Conversion/ImportVerilog/Expressions.cpp,test/Conversion/ImportVerilog/basic.sv,2,circt-translate;circt-verilog,.sv,lift-circt-verilog
f6d9f05b820f,2026-03-05,1,[SOPBalancing] Fix non-determinism from duplicated value numbering (#9836),lib/Dialect/Synth/Transforms/SOPBalancing.cpp,test/Dialect/Synth/sop-balancing.mlir,1,circt-opt,.mlir,direct
ca876e0b68d2,2026-03-04,1,[FIRRTL][Inliner] Fix NLA updates during flattening (#9810),lib/Dialect/FIRRTL/Transforms/ModuleInliner.cpp,test/Dialect/FIRRTL/inliner.mlir,1,circt-opt,.mlir,direct
016f7c0a1e22,2026-03-03,1,[HWToBTOR2][NFC] Fix typo in multi-clock error (#9819),lib/Conversion/HWToBTOR2/HWToBTOR2.cpp,test/Conversion/HWToBTOR2/errors.mlir,1,circt-opt,.mlir,direct
115a3111e2ce,2026-03-02,1,[RTG][Elaboration] Fix getUniformInRange (#9806),lib/Dialect/RTG/Transforms/ElaborationPass.cpp,test/Dialect/RTG/Transform/elaboration.mlir,1,circt-opt,.mlir,direct
11cc66244ceb,2026-02-26,1,[Datapath] Bug Fix for Sign-Extension Logic when Lowering Partial Products to Booth Arrays (#9726) (#9744),lib/Conversion/DatapathToComb/DatapathToComb.cpp,test/Conversion/DatapathToComb/datapath-to-comb.mlir,4,circt-opt,.mlir,direct
a0ddbccf04f5,2026-02-26,1,[FIRRTL] Fix domain info updates in cloneWithInsertedPorts (#9758),lib/Dialect/FIRRTL/FIRRTLOps.cpp,test/Dialect/FIRRTL/lower-open-aggs.mlir,1,circt-opt,.mlir,direct
c1ef24514cea,2026-02-23,1,[Comb] Fix SextMatcher crash on block arguments,include/circt/Dialect/Comb/CombOps.h,test/Dialect/Comb/canonicalization.mlir,1,circt-opt,.mlir,direct
0e9f82038b32,2026-02-22,1,[FIRRTL][LowerLayers] Fix instance input port capture,lib/Dialect/FIRRTL/Transforms/LowerLayers.cpp,test/Dialect/FIRRTL/lower-layers.mlir,1,circt-opt,.mlir,direct
73e28e09a3b5,2026-02-21,1,[CalyxToHW] Fix missing i1-to-clock conversion in convertPipelineOp (#9715),lib/Conversion/CalyxToHW/CalyxToHW.cpp,test/Conversion/CalyxToHW/pipeline-clock.mlir,1,circt-opt,.mlir,direct
b2ab3aff00ca,2026-02-19,1,[FIRRTL] Dedup: fix non-deduplicatable public module handling (#9702),lib/Dialect/FIRRTL/Transforms/Dedup.cpp,test/Dialect/FIRRTL/dedup.mlir,1,circt-opt,.mlir,direct
10fbfc9b17ac,2026-02-19,1,[FIRRTL][Reduce] Fix module-port-pruner crash with probe ports (#9694),lib/Dialect/FIRRTL/FIRRTLReductions.cpp,test/Dialect/FIRRTL/Reduction/module-port-pruner-probe.mlir,1,circt-reduce,.mlir,direct
3b30c823b829,2026-02-14,1,[HandshakeToHW] Fix crashes when multiple `sync`s with different numbers of `none` inputs are used (#9587),lib/Conversion/HandshakeToHW/HandshakeToHW.cpp,test/Conversion/HandshakeToHW/test_buffer.mlir;test/Conversion/HandshakeToHW/test_cmerge.mlir;test/Conversion/HandshakeToHW/test_cond_br.mlir;test/Conversion/HandshakeToHW/test_constant.mlir;test/Conversion/HandshakeToHW/test_fork.mlir;test/Conversion/HandshakeToHW/test_join.mlir;test/Conversion/HandshakeToHW/test_simple_loop.mlir;test/Conversion/HandshakeToHW/test_source.mlir;test/Conversion/HandshakeToHW/test_sync.mlir,9,circt-opt,.mlir,direct
f9b8bd46511d,2026-02-09,1,[HW] Fix ArrayCreateOp verifier to support typealiases and add optional result type syntax (#9639),include/circt/Dialect/HW/HWAggregates.td;lib/Dialect/HW/HWOps.cpp,test/Dialect/HW/typedecls.mlir,1,circt-opt,.mlir,direct
ef82ef1b1e33,2026-02-03,1,[FIRRTL] Fix canonicalizer infinite loop with const types (#9595),include/circt/Dialect/FIRRTL/FIRRTLCanonicalization.td,test/Dialect/FIRRTL/canonicalization.mlir,1,circt-opt,.mlir,direct
db9b1154c414,2026-02-02,1,[circt-reduce] Fix firrtl-remove-unused-ports crash with probes,lib/Dialect/FIRRTL/Transforms/RemoveUnusedPorts.cpp,test/Dialect/FIRRTL/remove-unused-ports.mlir,1,circt-opt,.mlir,direct
010d18b95ff2,2026-02-02,1,[circt-reduce] Fix extmodule-instance-remover crash with strings,lib/Dialect/FIRRTL/FIRRTLReductions.cpp,test/Dialect/FIRRTL/Reduction/extmodule-instance-remover.mlir,1,circt-reduce,.mlir,direct
0de87ef355e6,2026-02-02,1,[circt-reduce] Fix instance-stubber: ref/property,lib/Dialect/FIRRTL/FIRRTLReductions.cpp,test/Dialect/FIRRTL/Reduction/instance-stubber.mlir,1,circt-reduce,.mlir,direct
b7d165dedca7,2026-02-02,1,[circt-reduce] Fix module-name-sanitizer crash with objects (#9584),lib/Dialect/FIRRTL/FIRRTLReductions.cpp,test/circt-reduce/name-sanitizer.mlir,1,circt-reduce,.mlir,direct
d3c93988fd68,2026-02-02,1,[circt-reduce] Fix connect-forwarder crash with layerblocks (#9581),lib/Dialect/FIRRTL/FIRRTLReductions.cpp,test/Dialect/FIRRTL/Reduction/connect-forwarder.mlir,1,circt-reduce,.mlir,direct
e36f5695723e,2026-01-30,1,[FIRRTL] Fix canonicalizer crash on non-IntType inputs to cast patterns (#9550),include/circt/Dialect/FIRRTL/FIRRTLCanonicalization.td,test/Dialect/FIRRTL/canonicalization.mlir,1,circt-opt,.mlir,direct
db50d3131cec,2026-01-30,1,[LLHD] Fix mem2reg to capture all live values across wait ops (#9552),lib/Dialect/LLHD/Transforms/Mem2Reg.cpp,test/Dialect/LLHD/Transforms/mem2reg.mlir,1,circt-opt,.mlir,direct
89778e1bebd3,2026-01-30,1,[ImportVerilog] Fix silent failure on unsupported system calls (#9556),lib/Conversion/ImportVerilog/Expressions.cpp,test/Conversion/ImportVerilog/errors.sv,1,circt-translate,.sv,lift-circt-verilog
2fdae8fcfef5,2026-01-30,1,[ArcRuntime][VCDTrace] Fix final time step on empty trace buffer (#9554),include/circt/Dialect/Arc/Runtime/TraceEncoder.h;lib/Dialect/Arc/Runtime/VCDTraceEncoder.cpp,integration_test/arcilator/JIT/runtime-vcd-nochange.mlir,1,arcilator,.mlir,direct
3086bac387d1,2026-01-29,0,[ImportVerilog] Swap assertion calls to to_builtin_int (#9543),lib/Conversion/ImportVerilog/AssertionExpr.cpp,test/Conversion/ImportVerilog/builtins.sv;test/Conversion/ImportVerilog/errors.sv,3,circt-translate;circt-verilog,.sv,lift-circt-verilog
b476431e74ec,2026-01-29,0,[Synth][LongestPathAnalysis] Fix an incorrect instanch path (#9536),include/circt/Dialect/Synth/Analysis/LongestPathAnalysis.h;lib/Dialect/Synth/Analysis/LongestPathAnalysis.cpp,test/Dialect/Synth/longest-paths.mlir,1,circt-opt,.mlir,direct
4c4a16553aa3,2026-01-26,0,[ImportVerilog] Fix class method prototype resolution (#9508),lib/Conversion/ImportVerilog/Structure.cpp,test/Conversion/ImportVerilog/classes.sv,2,circt-translate;circt-verilog,.sv,lift-circt-verilog
142c02c65dca,2026-01-24,0,[FIRRTL] Fix LowerDomains for multi-use wires,lib/Dialect/FIRRTL/Transforms/LowerDomains.cpp,test/Dialect/FIRRTL/lower-domains.mlir,1,circt-opt,.mlir,direct
380a44a69243,2026-01-17,0,[FIRRTL][InferResets] Fix reset domain inference for multiple top-level modules (#9464),lib/Dialect/FIRRTL/Transforms/InferResets.cpp,test/Dialect/FIRRTL/infer-resets-errors.mlir;test/Dialect/FIRRTL/infer-resets.mlir,2,circt-opt,.mlir,direct
242b4a2959dc,2026-01-12,1,[LLHD] Fix multiply-driven signals being hoisted incorrectly (#9421),lib/Dialect/LLHD/Transforms/HoistSignals.cpp,test/Dialect/LLHD/Transforms/hoist-signals.mlir,1,circt-opt,.mlir,direct
9fe788f13100,2026-01-06,1,Fix isSeqMem() check to allow externalization of memories with read-/write-latency >= 1 (#9419),include/circt/Dialect/FIRRTL/FIRRTLOps.h,test/Dialect/FIRRTL/lower-memory.mlir,1,circt-opt,.mlir,direct
b79ae60f6c43,2025-12-29,1,[FIRRTL] Fix LowerSignatures to work with Domains,lib/Dialect/FIRRTL/Transforms/LowerSignatures.cpp,test/Dialect/FIRRTL/lower-signatures.mlir,2,circt-opt,.mlir,direct
db06bf66d7f6,2025-12-27,1,[FIRRTL] Fix LowerTypes so it works with Domains,lib/Dialect/FIRRTL/Transforms/LowerTypes.cpp,test/Dialect/FIRRTL/lower-types.mlir,3,circt-opt,.mlir,direct
a0f3eb4086bc,2025-12-16,1,[LLHD] Fix HoistSignals with non-uniform drive delays (#9349),lib/Dialect/LLHD/Transforms/HoistSignals.cpp,test/Dialect/LLHD/Transforms/hoist-signals.mlir,1,circt-opt,.mlir,direct
394cc2beb238,2025-12-15,1,[ESI][Runtime] Fix integration test,lib/Dialect/ESI/runtime/python/esiaccel/esiCppAccel.cpp,integration_test/Dialect/ESI/runtime/loopback.mlir,15,circt-opt;other,.mlir,direct
ad277c6bdbff,2025-12-11,1,[FIRRTL] Fix Dedup issue caused by name shadowing (#9336),lib/Dialect/FIRRTL/Transforms/Dedup.cpp,test/Dialect/FIRRTL/dedup.mlir,1,circt-opt,.mlir,direct
bf970671340c,2025-12-05,1,[ExportVerilog] Fix union emission error,lib/Conversion/ExportVerilog/ExportVerilog.cpp,test/Conversion/ExportVerilog/hw-dialect.mlir,1,circt-opt,.mlir,direct
3777d1550908,2025-12-02,1,[HW] Fix array_create and struct_create folding with non-integer attributes.,lib/Dialect/HW/HWOps.cpp,test/Dialect/HW/canonicalization.mlir,1,circt-opt,.mlir,direct
dc45595e7e80,2025-11-28,1,[Synth] Fix crash in AndInverterOp folding with non-integer operands,lib/Dialect/Synth/SynthOps.cpp,test/Dialect/Synth/canonicalizer.mlir,1,circt-opt,.mlir,direct
f5f5a6567ca5,2025-11-27,1,[CombFolds] Fix crash in folding with non-integer attribute operands (#9273),lib/Dialect/Comb/CombFolds.cpp,test/Dialect/Comb/canonicalization.mlir,1,circt-opt,.mlir,direct
fa7eb12bf52d,2025-11-27,1,[SwitchToIf] support multi-result scf.index_switch + add regression test (#9245),lib/Transforms/IndexSwitchToIf.cpp,test/Transforms/switch-to-if.mlir,1,circt-opt,.mlir,direct
61b1c871234e,2025-11-24,1,[MooreToCore] Fix lowering of dynamic extracts of nested arrays (#9257),lib/Conversion/MooreToCore/MooreToCore.cpp,test/Conversion/MooreToCore/basic.mlir,1,circt-opt,.mlir,direct
351189822e33,2025-11-20,1,[ESI] Window lowered type fix (#9243),lib/Dialect/ESI/ESITypes.cpp,test/Dialect/ESI/windows.mlir,2,circt-opt,.mlir,direct
76fc7146b8e9,2025-11-20,1,[ESI][Runtime] Fix a test and some source broken by 25f3ac8,lib/Dialect/ESI/runtime/python/esiaccel/codegen.py,integration_test/Dialect/ESI/runtime/loopback.mlir.py,0,(none),other:.py,textual-only
91872b228b74,2025-11-07,1,Fix inout port lowering for sv.verbatim.module (#9209),include/circt/Dialect/SV/SVTypeDecl.td;lib/Conversion/FIRRTLToHW/LowerToHW.cpp,test/Conversion/FIRRTLToHW/lower-to-hw-verbatim-blackbox.mlir,1,circt-opt,.mlir,direct
7cf1c5cf263b,2025-11-05,0,[ImportVerilog] Fix LValue generation for ClassPropertySymbol,lib/Conversion/ImportVerilog/Expressions.cpp,test/Conversion/ImportVerilog/classes.sv,2,circt-translate;circt-verilog,.sv,lift-circt-verilog
baefacd3881f,2025-11-03,0,[RTG][Elaboration] Fix incorrect set equality (#9175),lib/Dialect/RTG/Transforms/ElaborationPass.cpp,test/Dialect/RTG/Transform/elaboration.mlir,1,circt-opt,.mlir,direct
6bfecf76581d,2025-10-31,1,[ImportVerilog] Fix capture callback chaining,lib/Conversion/ImportVerilog/Structure.cpp,test/Conversion/ImportVerilog/basic.sv,2,circt-translate;circt-verilog,.sv,lift-circt-verilog
9dfde5ef309f,2025-10-29,1,[Comb] Fix another recursive mux canonicalizer (#9144),lib/Dialect/Comb/CombFolds.cpp,test/Dialect/Comb/canonicalization.mlir,1,circt-opt,.mlir,direct
a509cfea3101,2025-10-21,1,[Synth][LowerVariadic] Fix a dialect dependency (#9118),include/circt/Dialect/Synth/Transforms/SynthPasses.td,test/Dialect/Synth/lower-variadic.mlir,2,circt-opt,.mlir,direct
0fca2bd7f535,2025-10-20,1,[ImportVerilog] Fix dynamic part-select index typing and add test,lib/Conversion/ImportVerilog/Expressions.cpp,test/Conversion/ImportVerilog/basic.sv,2,circt-translate;circt-verilog,.sv,lift-circt-verilog
52e3074ff26b,2025-10-17,1,[FIRRTL] Fix dedup looking up wrong op in inner ref target check (#9104),lib/Dialect/FIRRTL/Transforms/Dedup.cpp,test/Dialect/FIRRTL/dedup-errors.mlir,1,circt-opt,.mlir,direct
bdbbd4ba3032,2025-10-16,1,"[Synth][LowerVariaidc] Fix UAF, topological ordering and a pass phase ordering (#9095)",lib/Dialect/Synth/Transforms/LowerVariadic.cpp;lib/Dialect/Synth/Transforms/SynthesisPipeline.cpp,test/Dialect/Synth/lower-variadic.mlir,2,circt-opt,.mlir,direct
1bb65bd28415,2025-10-10,1,[Synth] Fix an incorrect canonicalization,lib/Dialect/Synth/SynthOps.cpp,test/Dialect/Synth/canonicalizer.mlir,1,circt-opt,.mlir,direct
1286a6c3eca4,2025-10-09,1,[Comb] Fix mux canonicalizers for non-signless-ints (#9071),lib/Dialect/Comb/CombFolds.cpp,test/Dialect/Comb/canonicalization.mlir,1,circt-opt,.mlir,direct
ffd1d5eb87e4,2025-09-20,1,[ImportVerilog] Fix single argument expressions in severity tasks (#8998),lib/Conversion/ImportVerilog/Statements.cpp,test/Conversion/ImportVerilog/builtins.sv,2,circt-translate;circt-verilog,.sv,lift-circt-verilog
09f0bbe083a3,2025-09-18,1,[Moore] Fix missing RValue conversion for struct_create (#8988),lib/Conversion/ImportVerilog/Expressions.cpp,test/Conversion/ImportVerilog/basic.sv,2,circt-translate;circt-verilog,.sv,lift-circt-verilog
978f392c2b69,2025-09-11,1,[ImportVerilog] Fix edge case for single-bit pre- and post-increment (#8945),lib/Conversion/ImportVerilog/Expressions.cpp,test/Conversion/ImportVerilog/basic.sv,2,circt-translate;circt-verilog,.sv,lift-circt-verilog
14511d96a676,2025-08-27,0,[ExportVerilog] Fix crash for variadic ops with a single operand (#8894),lib/Conversion/ExportVerilog/PrepareForEmission.cpp,test/Conversion/ExportVerilog/prepare-for-emission.mlir,2,circt-opt,.mlir,direct
a197d6e076c1,2025-08-26,0,[circt-synth] Parallel Prefix Lowering Performance Bug Fix (#8881),lib/Conversion/CombToAIG/CombToAIG.cpp,test/circt-synth/path-e2e.mlir,2,circt-synth,.mlir,direct
4d57dc924072,2025-08-18,1,[HWToLLVM] Fix struct_inject lowering using pre-lowering operand (#8867),lib/Conversion/HWToLLVM/HWToLLVM.cpp,test/Conversion/HWToLLVM/convert_aggregates.mlir,1,circt-opt,.mlir,direct
9f021153418e,2025-08-14,1,[ImportVerilog] Fix Slang crash when loading same file twice,lib/Conversion/ImportVerilog/ImportVerilog.cpp,test/circt-verilog/redundant-files.sv,1,circt-verilog,.sv,lift-circt-verilog
765883a39398,2025-08-12,1,[ImportVerilog] Fix assignment to concat of packed arrays (#8841),lib/Conversion/MooreToCore/MooreToCore.cpp;lib/Dialect/Moore/MooreOps.cpp,test/Conversion/ImportVerilog/basic.sv,2,circt-translate;circt-verilog,.sv,lift-circt-verilog
4fa60bb1d2cf,2025-08-11,1,[ImportVerilog] Fix file locations for auto-discovered files (#8840),lib/Conversion/ImportVerilog/ImportVerilog.cpp;lib/Conversion/ImportVerilog/ImportVerilogInternals.h,test/circt-verilog/include/library_module.sv;test/circt-verilog/library-locations.sv;test/circt-verilog/preprocess-errors.sv,3,circt-translate;circt-verilog;other,.sv,lift-circt-verilog
cb22826d27fb,2025-08-06,1,[LLHD] Fix UnrollLoops crash on single-block regions,lib/Dialect/LLHD/Transforms/UnrollLoops.cpp,test/Dialect/LLHD/Transforms/unroll-loops.mlir,1,circt-opt,.mlir,direct
82a8af4acfea,2025-07-25,1,[Comb] Fix more recursive mux folders (#8756),lib/Dialect/Comb/CombFolds.cpp,test/Dialect/Comb/canonicalization.mlir,1,circt-opt,.mlir,direct
237f74447515,2025-07-23,1,[FIRRTL] Fix TagExtractOp's type inference (#8766),lib/Dialect/FIRRTL/FIRRTLOps.cpp,test/Dialect/FIRRTL/parse-basic.fir,1,circt-translate,.fir,lift-firtool
e80a67d30db4,2025-07-22,1,"[VerifToSMT] Fix lowering of no output, no result LEC op (#8763)",lib/Conversion/VerifToSMT/VerifToSMT.cpp,test/Conversion/VerifToSMT/verif-to-smt.mlir,2,circt-opt,.mlir,direct
888e6787e4e2,2025-07-21,1,[FSMToSV] Fix bug of operations not being cloned in transition region (#8753),lib/Conversion/FSMToSV/FSMToSV.cpp,test/Conversion/FSMToSV/test_basic.mlir,1,circt-opt,.mlir,direct
dc524e9ea04f,2025-07-20,1,[AIG][LongestPathAnalysis] Fix a bug in deduplicatePathsImpl (#8746),lib/Dialect/AIG/Analysis/LongestPathAnalysis.cpp,integration_test/Bindings/Python/dialects/aig.py;test/Dialect/AIG/longest-paths.mlir;test/circt-synth/path-e2e.mlir,4,circt-opt;circt-synth;other,.mlir;other:.py,direct;textual-only
24bd19e3cc12,2025-07-19,1,[RTG] Fix ValidateOp elaboration (#8743),lib/Dialect/RTG/Transforms/ElaborationPass.cpp,test/Dialect/RTG/Transform/elaboration.mlir,1,circt-opt,.mlir,direct
47cf87cdcdd3,2025-07-18,1,[firtool] Fix argument passing to LowerAnnotations,lib/Firtool/Firtool.cpp,test/firtool/annotation-unknown.fir,1,firtool,.fir,lift-firtool
3e42dbce123a,2025-07-17,1,[ESI] Fix wrap op canonicalizers (#8730),lib/Dialect/ESI/ESIDialect.cpp;lib/Dialect/ESI/ESIFolds.cpp,test/Dialect/ESI/canonicalizers.mlir,1,circt-opt,.mlir,direct
7df789c3ba70,2025-07-12,1,[Comb] Fix excessive const shifts causing crashes and invalid IR (#8696),lib/Dialect/Comb/CombFolds.cpp,test/Dialect/Comb/canonicalization.mlir,1,circt-opt,.mlir,direct
ece9412ddfe3,2025-07-11,1,[VerifToSMT] Fix lowering of initial integer values for BMC (#8689),lib/Conversion/VerifToSMT/VerifToSMT.cpp,test/Conversion/VerifToSMT/verif-to-smt-errors.mlir;test/Conversion/VerifToSMT/verif-to-smt.mlir,3,circt-opt,.mlir,direct
dfa0fe98e99c,2025-07-09,1,[FIRRTL] Fix inject-dut-hier deleting new top (#8678),lib/Dialect/FIRRTL/Transforms/InjectDUTHierarchy.cpp,test/Dialect/FIRRTL/inject-dut-hierarchy.mlir,1,circt-opt,.mlir,direct
3df813fd7e65,2025-07-09,1,"[ImportVerilog] Fix range selects, unify lvalue/rvalue code paths",lib/Conversion/ImportVerilog/Expressions.cpp,test/Conversion/ImportVerilog/basic.sv,2,circt-translate;circt-verilog,.sv,lift-circt-verilog
d77bd7f21dbb,2025-07-02,1,[AIG] Fix history's instance path update in LongestPathAnalysis (#8637),lib/Dialect/AIG/Analysis/LongestPathAnalysis.cpp,test/Dialect/AIG/longest-paths.mlir,1,circt-opt,.mlir,direct
81140f6a2c1e,2025-06-30,1,[FIRRTL] Fix Grand Central companion not-in-design (#8625),lib/Dialect/FIRRTL/Transforms/GrandCentral.cpp,test/Dialect/FIRRTL/grand-central.mlir,1,circt-opt,.mlir,direct
1b810c5d4aed,2025-06-28,1,[FIRRTL] Fix cat canonicalization to handle mixed signed/unsigned operands (#8621),lib/Dialect/FIRRTL/FIRRTLFolds.cpp,test/Dialect/FIRRTL/canonicalization.mlir,1,circt-opt,.mlir,direct
09a701bb6577,2025-06-22,1,[AIG][ImportAIGER] Fix incorrect tokenization and simplify parser (#8588),lib/Conversion/ImportAIGER/ImportAIGER.cpp,test/Conversion/ImportAIGER/invalid-index.aig;test/Conversion/ImportAIGER/invalid-index.mlir,1,circt-translate,.mlir;other:.aig,direct;textual-only
ca84bb763f34,2025-06-13,1,[FIRRTL] Fix public copying in inject-dut-hier,lib/Dialect/FIRRTL/Transforms/InjectDUTHierarchy.cpp,test/Dialect/FIRRTL/inject-dut-hierarchy.mlir,1,circt-opt,.mlir,direct
5da61416c373,2025-06-06,1,[LLHD] Fix drive combining for single-element arrays and structs,lib/Dialect/LLHD/Transforms/CombineDrives.cpp,test/Dialect/LLHD/Transforms/combine-drives.mlir,1,circt-opt,.mlir,direct
9be24fbb4939,2025-06-04,1,[LLHD] Fix canonicalizer crashing on empty processes with results,lib/Dialect/LLHD/IR/LLHDOps.cpp,test/Dialect/LLHD/Canonicalization/processes.mlir,1,circt-opt,.mlir,direct
ce9146a64ab8,2025-06-03,1,[CombFolds] Fix comb.mul folder for i0,lib/Dialect/Comb/CombFolds.cpp,test/Dialect/Comb/canonicalization.mlir,1,circt-opt,.mlir,direct
a1d66ba13499,2025-06-02,1,[LLHD] Fix deseq poisoning comb ops that don't depend on triggers (#8513),lib/Dialect/LLHD/Transforms/Deseq.cpp,test/Dialect/LLHD/Transforms/deseq.mlir,1,circt-opt,.mlir,direct
27fdf5525cdc,2025-05-23,1,[Arc] Fix arc inliner deleting arcs that still have calls (#8510),lib/Dialect/Arc/Transforms/InlineArcs.cpp,test/Dialect/Arc/inline-arcs.mlir,3,circt-opt;other,.mlir,direct
a49186699205,2025-05-21,1,[LLHD] Fix handling of conditional drives (#8498),include/circt/Dialect/LLHD/Transforms/LLHDPasses.td;lib/Dialect/LLHD/Transforms/Mem2Reg.cpp,test/Dialect/LLHD/Transforms/mem2reg.mlir,1,circt-opt,.mlir,direct
a1929a1878d4,2025-04-19,1,[firrtl] Fix fprintf round trip issue,lib/Dialect/FIRRTL/FIRRTLOps.cpp,test/Dialect/FIRRTL/round-trip.mlir,1,circt-opt,.mlir,direct
bd6949339c41,2025-04-09,1,[ImportVerilog] Fix empty replications within concatenations,lib/Conversion/ImportVerilog/Expressions.cpp,test/Conversion/ImportVerilog/basic.sv,2,circt-translate;circt-verilog,.sv,lift-circt-verilog
475b936c55e8,2025-03-31,1,[FIRRTL] Fix: Enforce flat namespace for modules (#8345),lib/Dialect/FIRRTL/Import/FIRParser.cpp,test/Dialect/FIRRTL/parse-basic.fir;test/Dialect/FIRRTL/parse-errors.fir,2,circt-translate,.fir,lift-firtool
ac1184031e20,2025-03-27,1,[Seq] Fix width errors in HWMemSimImpl (#8351),lib/Dialect/Seq/Transforms/HWMemSimImpl.cpp,test/Dialect/Seq/hw-memsim.mlir,8,circt-opt,.mlir,direct
9570cdc98d19,2025-03-20,1,"[FIRRTL] Canonicalize Assert(clk, p, e) when p == e (#8320)",include/circt/Dialect/FIRRTL/FIRRTLCanonicalization.td;lib/Dialect/FIRRTL/FIRRTLFolds.cpp,test/Dialect/FIRRTL/canonicalization.mlir;test/firtool/extract-test-code.fir;test/firtool/layer-merge-across-inlined-submodule.fir,5,circt-opt;firtool,.fir;.mlir,direct;lift-firtool
b08feee25e60,2025-03-06,0,"[Verif] Add multiplier integration test, fix bug in lower contracts (#8300)",lib/Dialect/Verif/Transforms/LowerContracts.cpp,integration_test/circt-test/contracts.mlir;test/Dialect/Verif/lower-contracts.mlir,2,circt-opt;other,.mlir,direct
c7c7352daf11,2025-02-27,1,[AffineParallelUnroll] Fix empty map lookup; move canonicalization passes before `MemoryConflictResolver` (#8282),lib/Dialect/Calyx/Transforms/AffineParallelUnroll.cpp,test/Dialect/Calyx/affine-parallel-unroll.mlir,1,circt-opt,.mlir,direct
3f0aa622f0ca,2025-02-26,1,[ESI] Fix assert on lower unwrap value from block arg,lib/Dialect/ESI/Passes/ESILowerToHW.cpp,test/Dialect/ESI/passes/lower_to_hw_errors.mlir,1,circt-opt,.mlir,direct
6e93a0e8400d,2025-02-08,1,[MooreToCore]Fix a crash caused by block args as observed values for llhd.wait. (#8210),lib/Conversion/MooreToCore/MooreToCore.cpp,test/Conversion/MooreToCore/basic.mlir,1,circt-opt,.mlir,direct
8ba4ceaf3764,2025-02-06,1,[FIRRTL] Fix hasDontTouch crash on non-module block args (#8157),lib/Dialect/FIRRTL/FIRRTLOps.cpp,test/Dialect/FIRRTL/imdce.mlir,1,circt-opt,.mlir,direct
671dec51619c,2025-01-31,1,[RTG][Elaboration] Support fixed and virtual registers (#8101),lib/Dialect/RTG/Transforms/ElaborationPass.cpp,test/Dialect/RTG/Transform/elaboration.mlir,1,circt-opt,.mlir,direct
0cea50e9e7d2,2025-01-25,1,[SCFToCalyx] Lower floating point comparison logic fix,lib/Conversion/SCFToCalyx/SCFToCalyx.cpp,test/Conversion/SCFToCalyx/convert_simple.mlir;test/Conversion/SCFToCalyx/float_compare.mlir,2,circt-opt,.mlir,direct
09790a726509,2025-01-15,1,[SCFToCalyx] Fix lowering `scf.if` op when it yields nothing (#8079),lib/Conversion/SCFToCalyx/SCFToCalyx.cpp,test/Conversion/SCFToCalyx/convert_controlflow.mlir,1,circt-opt,.mlir,direct
dcf6516ee06b,2025-01-07,1,[VerifToSMT] Fix incorrect loop region result indexing (#8006),lib/Conversion/VerifToSMT/VerifToSMT.cpp,test/Conversion/VerifToSMT/bmc-clock-not-first.mlir,1,circt-opt,.mlir,direct
a15654cd5d51,2025-01-04,1,[HWToBTOR2] Fix incorrect le/ge predicate name emission (#8028),lib/Conversion/HWToBTOR2/HWToBTOR2.cpp,test/Conversion/HWToBTOR2/comb.mlir,1,circt-opt,.mlir,direct
afa566aabda8,2024-12-31,1,[Arc][ArcToLLVM] Fix seq.clock_gate lowering,lib/Conversion/ArcToLLVM/CMakeLists.txt;lib/Conversion/ArcToLLVM/LowerArcToLLVM.cpp,test/Conversion/ArcToLLVM/lower-arc-to-llvm.mlir,1,circt-opt,.mlir,direct
99826b849987,2024-12-19,1,[HWArith] Fix lowering to HW with type aliases,lib/Conversion/HWArithToHW/HWArithToHW.cpp,test/Conversion/HWArithToHW/test_basic.mlir,1,circt-opt,.mlir,direct
54d3dd01a8b7,2024-12-13,1,[LLHD] Fix misprint in llhd-desequentialize pass (#7985),lib/Dialect/LLHD/Transforms/DesequentializationPass.cpp,test/Dialect/LLHD/Transforms/desequentialization.mlir,1,circt-opt,.mlir,direct
79c2d41904cd,2024-12-04,1,[ExportVerilog] Fix ifdef of macro w/ Verilog name,lib/Conversion/ExportVerilog/ExportVerilog.cpp,test/Conversion/ExportVerilog/verilog-basic.mlir,1,circt-opt,.mlir,direct
dcd7c47a9fd0,2024-12-02,1,[HandshakeToDC] Fix a bug in the sync conversion pattern,lib/Conversion/HandshakeToDC/HandshakeToDC.cpp,test/Conversion/HandshakeToDC/basic.mlir,1,circt-opt,.mlir,direct
0bf454fb46d9,2024-11-21,1,[SCFToCalyx] fix https://github.com/llvm/circt/issues/7861 (#7862),lib/Conversion/SCFToCalyx/SCFToCalyx.cpp,test/Conversion/SCFToCalyx/convert_simple.mlir,1,circt-opt,.mlir,direct
c5f14f1c26e6,2024-11-20,1,[HWToBTOR2] Fix crashes on initial value corner cases (#7844),lib/Conversion/HWToBTOR2/HWToBTOR2.cpp,test/Conversion/HWToBTOR2/errors.mlir,1,circt-opt,.mlir,direct
9c3bbcfb27fb,2024-11-20,1,[HWToBTOR2] Fix slice lowering argument meanings (#7842),lib/Conversion/HWToBTOR2/HWToBTOR2.cpp,test/Conversion/HWToBTOR2/comb.mlir,1,circt-opt,.mlir,direct
a50f19e8511e,2024-11-16,1,"[FIRRTL] Update, fix parser versions (#7827)",include/circt/Dialect/FIRRTL/FIRParser.h;lib/Dialect/FIRRTL/Import/FIRParser.cpp,test/CAPI/firrtl.c;test/Dialect/FIRRTL/emit-basic.mlir;test/Dialect/FIRRTL/parse-basic.fir;test/Dialect/FIRRTL/parse-errors.fir;test/firtool/classes-dedupe.fir;test/firtool/instchoice.fir,12,circt-capi-firrtl-test 2>&1 ;circt-translate;firtool;other,.fir;.mlir;other:.c,direct;lift-firtool;textual-only
a7bd275fb9f2,2024-11-01,1,[FIRRTL] Fix folding of when conditions into LTL properties (#7760),lib/Dialect/FIRRTL/Transforms/ExpandWhens.cpp,test/Dialect/FIRRTL/expand-whens.mlir;test/firtool/verif-under-when.fir,2,circt-opt;firtool,.fir;.mlir,direct;lift-firtool
31e4f9eaaede,2024-10-31,1,fix memref flatten-load (#7298),lib/Transforms/FlattenMemRefs.cpp,test/Transforms/flatten_memref.mlir,1,circt-opt,.mlir,direct
bcee76272eae,2024-10-21,1,[FIRRTL] Fix InstanceInfo top-is-DUT bug,lib/Analysis/FIRRTLInstanceInfo.cpp,test/Analysis/firrtl-test-instance-info.mlir,1,circt-opt,.mlir,direct
7fff704e9e84,2024-10-02,1,[Arc] Fix folding of initialized StateOp (#7653),lib/Dialect/Arc/ArcFolds.cpp,test/Dialect/Arc/canonicalizers.mlir,1,circt-opt,.mlir,direct
337dad583965,2024-09-25,0,[MooreToCore] Alternative conditional lowering and type conversion fixes (#7625),lib/Conversion/MooreToCore/MooreToCore.cpp,test/Conversion/MooreToCore/basic.mlir,1,circt-opt,.mlir,direct
d5314f79fe7a,2024-09-20,0,"[Moore] Add assert, assume, and conver ops. (#7589)",include/circt/Dialect/Moore/MooreOps.td;lib/Conversion/ImportVerilog/Statements.cpp,test/Conversion/ImportVerilog/basic.sv,2,circt-translate;circt-verilog,.sv,lift-circt-verilog
